業態コード,業態名称,営業部コード,営業部名称,店舗コード,店舗名称,営業日,曜日,曜日区分,店休,天候,最高気温,最低気温,売上分類,売上実績,売上月次予算,売上予算比,売上累計予算比,売上前年,売上前年比,客数実績,組数実績,客数客単価,客数回転数,客数月次予算,客数予算比,客数前年,客数前年比,仕入月次予算,仕入実績,売上仕入率,累計仕入率,人件費月次予算,人件費実績,売上人件費率,累計人件費率,売上FL率,累計FL率,労働時間,人時売上,廃棄額,売上廃棄率,イベント
0001,千房直営,000001,第1エリア,002   ,千日前本店,2026/05/11,月,平日,,晴,25.0,15.0,計,435147,500000,0.8703,0.8703,519727,0.8373,188,76,2314.6,2.14,250,0.7520,231,0.8139,0,78324,0.1800,0.1800,0,104342,0.2398,0.2398,0.4198,0.4198,4635,5633.0,,0.0000,
0001,千房直営,000001,第1エリア,002   ,千日前本店,2026/05/12,火,平日,,曇,26.0,18.0,計,438498,500000,0.8770,0.8736,697805,0.6284,175,78,2505.7,1.99,250,0.7000,253,0.6917,0,59602,0.1359,0.1579,0,100822,0.2299,0.2348,0.3658,0.3927,4474,5880.6,,0.0000,
0001,千房直営,000001,第1エリア,002   ,千日前本店,2026/05/13,水,平日,,雨,25.0,20.0,計,560331,600000,0.9339,0.8962,505936,1.1075,237,80,2364.3,2.69,300,0.7900,218,1.0872,0,21824,0.0389,0.1114,0,101106,0.1804,0.2136,0.2194,0.3250,4432,7585.7,,0.0000,
0001,千房直営,000001,第1エリア,002   ,千日前本店,2026/05/14,木,平日,,晴,28.0,18.0,計,557679,500000,1.1154,0.9484,634401,0.8791,232,90,2403.8,2.64,250,0.9280,255,0.9098,0,53343,0.0957,0.1070,0,99930,0.1792,0.2040,0.2748,0.3109,4446,7526.0,,0.0000,
0001,千房直営,000001,第1エリア,002   ,千日前本店,2026/05/15,金,平日,,晴,28.0,17.0,計,545642,600000,0.9094,0.9397,695635,0.7844,225,92,2425.1,2.56,300,0.7500,268,0.8396,0,106257,0.1947,0.1259,0,102631,0.1881,0.2005,0.3828,0.3264,4513,7254.3,,0.0000,
0001,千房直営,000001,第1エリア,002   ,千日前本店,2026/05/16,土,土曜,,晴,27.0,19.0,計,780781,800000,0.9760,0.9480,1089071,0.7169,341,124,2289.7,3.88,400,0.8525,480,0.7104,0,,0.0000,0.0962,0,139679,0.1789,0.1954,0.1789,0.2917,6139,7631.0,,0.0000,
0001,千房直営,000001,第1エリア,002   ,千日前本店,2026/05/17,日,日祝,,晴,29.0,18.0,計,604332,750000,0.8058,0.9229,863623,0.6998,280,114,2158.3,3.18,375,0.7467,379,0.7388,0,,0.0000,0.0814,0,142103,0.2351,0.2016,0.2351,0.2830,6345,5714.7,,0.0000,
0001,千房直営,000002,第2エリア,005   ,リノアス八尾支店,2026/05/11,月,平日,,晴,25.0,15.0,計,123623,110000,1.1238,1.1238,124635,0.9919,71,40,1741.2,0.81,58,1.2241,63,1.1270,0,70131,0.5673,0.5673,0,58259,0.4713,0.4713,1.0386,1.0386,2466,3007.9,,0.0000,
0001,千房直営,000002,第2エリア,005   ,リノアス八尾支店,2026/05/12,火,平日,,曇,25.0,17.0,計,122780,100000,1.2278,1.1733,107539,1.1417,72,38,1705.3,0.82,53,1.3585,59,1.2203,0,19667,0.1602,0.3644,0,49735,0.4051,0.4383,0.5653,0.8027,2313,3185.0,,0.0000,
0001,千房直営,000002,第2エリア,005   ,リノアス八尾支店,2026/05/13,水,平日,,曇,25.0,19.0,計,116373,130000,0.8952,1.0670,135930,0.8561,52,31,2237.9,0.59,68,0.7647,72,0.7222,0,55178,0.4741,0.3996,0,52845,0.4541,0.4434,0.9282,0.8430,2326,3001.9,,0.0000,
0001,千房直営,000002,第2エリア,005   ,リノアス八尾支店,2026/05/14,木,平日,,雨,27.0,17.0,計,93305,100000,0.9331,1.0365,105832,0.8816,48,32,1943.9,0.55,53,0.9057,63,0.7619,0,19323,0.2071,0.3602,0,54426,0.5833,0.4720,0.7904,0.8322,2340,2392.4,,0.0000,
0001,千房直営,000002,第2エリア,005   ,リノアス八尾支店,2026/05/15,金,平日,,晴,27.0,16.0,計,123564,110000,1.1233,1.0539,126046,0.9803,60,35,2059.4,0.68,58,1.0345,73,0.8219,0,112231,0.9083,0.4771,0,48862,0.3954,0.4557,1.3037,0.9327,2131,3479.0,,0.0000,
0001,千房直営,000002,第2エリア,005   ,リノアス八尾支店,2026/05/16,土,土曜,,晴,27.0,19.0,計,310177,300000,1.0339,1.0468,317924,0.9756,151,72,2054.2,1.72,158,0.9557,155,0.9742,0,22260,0.0718,0.3358,0,94547,0.3048,0.4031,0.3766,0.7389,4014,4636.4,,0.0000,
0001,千房直営,000002,第2エリア,005   ,リノアス八尾支店,2026/05/17,日,日祝,,晴,30.0,17.0,計,286491,330000,0.8682,0.9969,347783,0.8238,162,68,1768.5,1.84,174,0.9310,186,0.8710,0,,0.0000,0.2540,0,95808,0.3344,0.3864,0.3344,0.6404,4017,4279.2,,0.0000,
0001,千房直営,000001,第1エリア,010   ,京都アバンティ支店,2026/05/11,月,平日,,晴,27.0,13.0,計,194076,200000,0.9704,0.9704,191739,1.0122,81,35,2396.0,2.38,129,0.6279,98,0.8265,0,81979,0.4224,0.4224,0,51695,0.2664,0.2664,0.6888,0.6888,2223,5238.2,,0.0000,
0001,千房直営,000001,第1エリア,010   ,京都アバンティ支店,2026/05/12,火,平日,,晴,27.0,18.0,計,179808,200000,0.8990,0.9347,138128,1.3017,69,33,2605.9,2.03,129,0.5349,71,0.9718,0,16663,0.0927,0.2638,0,52552,0.2923,0.2788,0.3849,0.5427,2384,4525.4,,0.0000,
0001,千房直営,000001,第1エリア,010   ,京都アバンティ支店,2026/05/13,水,平日,,雨,26.0,18.0,計,154389,200000,0.7719,0.8805,186114,0.8295,89,46,1734.7,2.62,129,0.6899,98,0.9082,0,31209,0.2021,0.2458,0,44139,0.2859,0.2809,0.4880,0.5267,1949,4752.9,,0.0000,
0001,千房直営,000001,第1エリア,010   ,京都アバンティ支店,2026/05/14,木,平日,,晴,26.0,15.0,計,224645,200000,1.1232,0.9411,208712,1.0763,107,54,2099.5,3.15,129,0.8295,101,1.0594,0,35890,0.1598,0.2201,0,47467,0.2113,0.2601,0.3711,0.4803,2007,6715.8,,0.0000,
0001,千房直営,000001,第1エリア,010   ,京都アバンティ支店,2026/05/15,金,平日,,晴,28.0,15.0,計,269353,200000,1.3468,1.0223,269183,1.0006,119,48,2263.5,3.50,129,0.9225,118,1.0085,0,39366,0.1462,0.2006,0,59572,0.2212,0.2499,0.3673,0.4505,2712,5959.1,,0.0000,
0001,千房直営,000001,第1エリア,010   ,京都アバンティ支店,2026/05/16,土,土曜,,晴,29.0,18.0,計,254520,370000,0.6879,0.9320,299775,0.8490,129,55,1973.0,3.79,285,0.4526,123,1.0488,0,,0.0000,0.1606,0,68120,0.2676,0.2534,0.2676,0.4140,3009,5075.2,,0.0000,
0001,千房直営,000001,第1エリア,010   ,京都アバンティ支店,2026/05/17,日,日祝,,晴,31.0,15.0,計,295306,350000,0.8437,0.9140,350147,0.8434,127,62,2325.2,3.74,280,0.4536,141,0.9007,0,,0.0000,0.1305,0,68279,0.2312,0.2492,0.2312,0.3797,2930,6047.2,,0.0000,
0001,千房直営,000001,第1エリア,013   ,堺東支店,2026/05/11,月,平日,,晴,24.0,15.0,計,199278,150000,1.3285,1.3285,265768,0.7498,101,60,1973.0,1.80,83,1.2169,150,0.6733,0,16704,0.0838,0.0838,0,56185,0.2819,0.2819,0.3658,0.3658,2507,4769.3,,0.0000,
0001,千房直営,000001,第1エリア,013   ,堺東支店,2026/05/12,火,平日,,曇,25.0,17.0,計,138713,150000,0.9248,1.1266,200956,0.6903,77,51,1801.5,1.38,83,0.9277,109,0.7064,0,36136,0.2605,0.1563,0,59137,0.4263,0.3412,0.6868,0.4975,2508,3318.5,,0.0000,
0001,千房直営,000001,第1エリア,013   ,堺東支店,2026/05/13,水,平日,,晴,25.0,19.0,計,151626,180000,0.8424,1.0200,270101,0.5614,81,56,1871.9,1.45,100,0.8100,152,0.5329,0,36170,0.2385,0.1818,0,56766,0.3744,0.3515,0.6129,0.5333,2414,3768.7,,0.0000,
0001,千房直営,000001,第1エリア,013   ,堺東支店,2026/05/14,木,平日,,晴,27.0,16.0,計,184350,160000,1.1522,1.0531,209188,0.8813,102,56,1807.4,1.82,88,1.1591,116,0.8793,0,11397,0.0618,0.1490,0,59512,0.3228,0.3436,0.3846,0.4926,2516,4396.3,,0.0000,
0001,千房直営,000001,第1エリア,013   ,堺東支店,2026/05/15,金,平日,,晴,26.0,17.0,計,216065,180000,1.2004,1.0854,261032,0.8277,115,69,1878.8,2.05,100,1.1500,129,0.8915,0,32735,0.1515,0.1496,0,62074,0.2873,0.3300,0.4388,0.4796,2803,4625.0,,0.0000,
0001,千房直営,000001,第1エリア,013   ,堺東支店,2026/05/16,土,土曜,,晴,27.0,18.0,計,337578,250000,1.3503,1.1473,362989,0.9300,162,77,2083.8,2.89,138,1.1739,184,0.8804,0,,0.0000,0.1085,0,83915,0.2486,0.3076,0.2486,0.4160,3413,5934.6,,0.0000,
0001,千房直営,000001,第1エリア,013   ,堺東支店,2026/05/17,日,日祝,,晴,28.0,16.0,計,307548,270000,1.1391,1.1456,349193,0.8807,140,78,2196.8,2.50,150,0.9333,169,0.8284,0,,0.0000,0.0867,0,90956,0.2957,0.3052,0.2957,0.3919,3684,5008.9,,0.0000,
0001,千房直営,000001,第1エリア,014   ,高槻阪急スクエア支店,2026/05/11,月,平日,,晴,26.0,13.0,計,143361,160000,0.8960,0.8960,147648,0.9710,86,44,1667.0,1.62,0,,81,1.0617,0,124709,0.8699,0.8699,0,56289,0.3926,0.3926,1.2625,1.2625,2468,3485.3,,0.0000,
0001,千房直営,000001,第1エリア,014   ,高槻阪急スクエア支店,2026/05/12,火,平日,,晴,27.0,16.0,計,162236,160000,1.0140,0.9550,156191,1.0387,90,47,1802.6,1.70,0,,85,1.0588,0,20127,0.1241,0.4739,0,56301,0.3470,0.3684,0.4711,0.8424,2517,3867.4,,0.0000,
0001,千房直営,000001,第1エリア,014   ,高槻阪急スクエア支店,2026/05/13,水,平日,,雨,26.0,18.0,計,176532,170000,1.0384,0.9839,119224,1.4807,89,48,1983.5,1.68,0,,70,1.2714,0,10965,0.0621,0.3232,0,59106,0.3348,0.3561,0.3969,0.6793,2579,4107.0,,0.0000,
0001,千房直営,000001,第1エリア,014   ,高槻阪急スクエア支店,2026/05/14,木,平日,,晴,27.0,15.0,計,111017,170000,0.6530,0.8987,126494,0.8776,66,38,1682.1,1.25,0,,72,0.9167,0,13630,0.1228,0.2856,0,53142,0.4787,0.3791,0.6015,0.6647,2371,2809.4,,0.0000,
0001,千房直営,000001,第1エリア,014   ,高槻阪急スクエア支店,2026/05/15,金,平日,,晴,29.0,15.0,計,139086,170000,0.8182,0.8822,186505,0.7457,84,45,1655.8,1.58,0,,92,0.9130,0,,0.0000,0.2314,0,58476,0.4204,0.3869,0.4204,0.6183,2655,3143.2,,0.0000,
0001,千房直営,000001,第1エリア,014   ,高槻阪急スクエア支店,2026/05/16,土,土曜,,晴,28.0,17.0,計,287938,300000,0.9598,0.9028,304692,0.9450,166,74,1734.6,3.13,0,,171,0.9708,0,,0.0000,0.1661,0,94485,0.3281,0.3703,0.3281,0.5364,4237,4077.5,,0.0000,
0001,千房直営,000001,第1エリア,014   ,高槻阪急スクエア支店,2026/05/17,日,日祝,,晴,31.0,15.0,計,287649,280000,1.0273,0.9275,275842,1.0428,152,69,1892.4,2.87,0,,158,0.9620,0,,0.0000,0.1296,0,88219,0.3067,0.3563,0.3067,0.4859,3959,4359.4,,0.0000,
0001,千房直営,000002,第2エリア,015   ,曽根崎支店,2026/05/11,月,平日,,晴,25.0,15.0,計,,0,,,,,,,,0,0,,,,0,21710,,,0,0,,,,,0,,,,
0001,千房直営,000002,第2エリア,015   ,曽根崎支店,2026/05/12,火,平日,,曇,26.0,18.0,計,90933,220000,0.4133,0.4133,224378,0.4053,33,13,2755.5,0.69,73,0.4521,82,0.4024,0,32860,0.3614,0.6001,0,36285,0.3990,0.3990,0.7604,0.9991,1509,3615.6,,0.0000,
0001,千房直営,000002,第2エリア,015   ,曽根崎支店,2026/05/13,水,平日,,雨,25.0,19.0,計,103579,250000,0.4143,0.4139,262492,0.3946,33,14,3138.8,0.69,83,0.3976,85,0.3882,0,780,0.0075,0.2846,0,33763,0.3260,0.3601,0.3335,0.6447,1482,4193.5,,0.0000,
0001,千房直営,000002,第2エリア,015   ,曽根崎支店,2026/05/14,木,平日,,晴,27.0,17.0,計,240872,280000,0.8603,0.5805,372020,0.6475,58,24,4153.0,1.21,93,0.6237,117,0.4957,0,9635,0.0400,0.1493,0,50075,0.2079,0.2759,0.2479,0.4252,2145,6737.7,,0.0000,
0001,千房直営,000002,第2エリア,015   ,曽根崎支店,2026/05/15,金,平日,,晴,28.0,16.0,計,282905,280000,1.0104,0.6974,329103,0.8596,95,39,2977.9,1.98,93,1.0215,103,0.9223,0,,0.0000,0.0905,0,55149,0.1949,0.2440,0.1949,0.3345,2399,7075.6,,0.0000,
0001,千房直営,000002,第2エリア,015   ,曽根崎支店,2026/05/16,土,土曜,,晴,27.0,19.0,計,379620,480000,0.7909,0.7271,501462,0.7570,145,56,2618.1,3.02,160,0.9063,201,0.7214,0,,0.0000,0.0592,0,88458,0.2330,0.2402,0.2330,0.2994,3854,5910.0,,0.0000,
0001,千房直営,000002,第2エリア,015   ,曽根崎支店,2026/05/17,日,日祝,,晴,29.0,17.0,計,245347,420000,0.5842,0.6960,448528,0.5470,86,46,2852.9,1.79,140,0.6143,171,0.5029,0,,0.0000,0.0484,0,80536,0.3283,0.2563,0.3283,0.3047,3524,4177.3,,0.0000,
0001,千房直営,000004,第4エリア,034   ,華 恵比寿ガーデンプレイス店,2026/05/11,月,平日,,晴,24.0,17.0,計,285082,200000,1.4254,1.4254,313664,0.9089,33,11,8638.8,0.66,20,1.6500,47,0.7021,0,82022,0.2877,0.2877,0,76367,0.2679,0.2679,0.5556,0.5556,3211,5327.0,,0.0000,
0001,千房直営,000004,第4エリア,034   ,華 恵比寿ガーデンプレイス店,2026/05/12,火,平日,,晴,24.0,17.0,計,311839,250000,1.2474,1.3265,221680,1.4067,42,18,7424.7,0.84,35,1.2000,25,1.6800,0,90502,0.2902,0.2890,0,100198,0.3213,0.2958,0.6115,0.5848,4219,4434.8,,0.0000,
0001,千房直営,000004,第4エリア,034   ,華 恵比寿ガーデンプレイス店,2026/05/13,水,平日,,曇,26.0,16.0,計,370982,250000,1.4839,1.3827,346402,1.0710,52,21,7134.3,1.04,35,1.4857,51,1.0196,0,132316,0.3567,0.3149,0,77217,0.2081,0.2622,0.5648,0.5771,3230,6891.3,,0.0000,
0001,千房直営,000004,第4エリア,034   ,華 恵比寿ガーデンプレイス店,2026/05/14,木,平日,,晴,24.0,15.0,計,147583,250000,0.5903,1.1742,365000,0.4043,26,12,5676.3,0.52,40,0.6500,47,0.5532,0,27287,0.1849,0.2977,0,84726,0.5741,0.3035,0.7590,0.6012,3581,2472.8,,0.0000,
0001,千房直営,000004,第4エリア,034   ,華 恵比寿ガーデンプレイス店,2026/05/15,金,平日,,晴,23.0,14.0,計,311926,250000,1.2477,1.1895,235177,1.3263,53,20,5885.4,1.06,40,1.3250,51,1.0392,0,80070,0.2567,0.2888,0,101536,0.3255,0.3083,0.5822,0.5971,4285,4367.7,,0.0000,
0001,千房直営,000004,第4エリア,034   ,華 恵比寿ガーデンプレイス店,2026/05/16,土,土曜,,晴,26.0,16.0,計,523273,500000,1.0465,1.1475,540724,0.9677,70,27,7475.3,1.40,90,0.7778,116,0.6034,0,71672,0.1370,0.2481,0,120769,0.2308,0.2875,0.3678,0.5355,5165,6078.7,,0.0000,
0001,千房直営,000004,第4エリア,034   ,華 恵比寿ガーデンプレイス店,2026/05/17,日,日祝,,晴,28.0,16.0,計,301380,500000,0.6028,1.0237,451945,0.6669,51,23,5909.4,1.02,90,0.5667,73,0.6986,0,,0.0000,0.2149,0,108205,0.3590,0.2971,0.3590,0.5119,4701,3846.6,,0.0000,
0001,千房直営,000002,第2エリア,035   ,京橋京阪モール支店,2026/05/11,月,平日,,晴,25.0,15.0,計,150871,140000,1.0777,1.0777,99130,1.5220,78,42,1934.2,2.05,73,1.0685,56,1.3929,0,49896,0.3307,0.3307,0,42098,0.2790,0.2790,0.6098,0.6098,1861,4864.2,,0.0000,
0001,千房直営,000002,第2エリア,035   ,京橋京阪モール支店,2026/05/12,火,平日,,曇,26.0,18.0,計,125150,140000,0.8939,0.9858,82342,1.5199,69,41,1813.8,1.82,73,0.9452,41,1.6829,0,43233,0.3454,0.3374,0,43222,0.3454,0.3091,0.6908,0.6465,1968,3815.5,,0.0000,
0001,千房直営,000002,第2エリア,035   ,京橋京阪モール支店,2026/05/13,水,平日,,雨,25.0,19.0,計,122954,140000,0.8782,0.9499,145196,0.8468,61,35,2015.6,1.61,68,0.8971,67,0.9104,0,31595,0.2570,0.3126,0,37051,0.3013,0.3067,0.5583,0.6193,1667,4425.5,,0.0000,
0001,千房直営,000002,第2エリア,035   ,京橋京阪モール支店,2026/05/14,木,平日,,曇,27.0,17.0,計,148221,150000,0.9881,0.9600,134963,1.0982,65,35,2280.3,1.71,78,0.8333,73,0.8904,0,21583,0.1456,0.2674,0,50609,0.3414,0.3161,0.4871,0.5835,2307,3854.9,,0.0000,
0001,千房直営,000002,第2エリア,035   ,京橋京阪モール支店,2026/05/15,金,平日,,晴,28.0,16.0,計,141410,150000,0.9427,0.9564,155144,0.9115,78,42,1812.9,2.05,78,1.0000,81,0.9630,0,,0.0000,0.2125,0,51243,0.3624,0.3256,0.3624,0.5381,2339,3627.4,,0.0000,
0001,千房直営,000002,第2エリア,035   ,京橋京阪モール支店,2026/05/16,土,土曜,,晴,27.0,19.0,計,282225,270000,1.0453,0.9806,204818,1.3779,132,59,2138.1,3.47,142,0.9296,104,1.2692,0,,0.0000,0.1507,0,74072,0.2625,0.3073,0.2625,0.4580,3228,5245.8,,0.0000,
0001,千房直営,000002,第2エリア,035   ,京橋京阪モール支店,2026/05/17,日,日祝,,晴,29.0,17.0,計,230415,260000,0.8862,0.9610,227991,1.0106,101,47,2281.3,2.66,136,0.7426,116,0.8707,0,,0.0000,0.1218,0,64667,0.2807,0.3022,0.2807,0.4240,2790,4955.2,,0.0000,
0001,千房直営,000002,第2エリア,040   ,ハービスＰＬＡＺＡ梅田支店,2026/05/11,月,平日,,晴,25.0,15.0,計,120759,200000,0.6038,0.6038,205773,0.5869,64,31,1886.9,1.83,88,0.7273,93,0.6882,54200,94073,0.7790,0.7790,0,52238,0.4326,0.4326,1.2116,1.2116,2280,3177.9,,0.0000,
0001,千房直営,000002,第2エリア,040   ,ハービスＰＬＡＺＡ梅田支店,2026/05/12,火,平日,,曇,26.0,18.0,計,168507,200000,0.8425,0.7232,136804,1.2317,68,30,2478.0,1.94,88,0.7727,64,1.0625,54200,23217,0.1378,0.4055,0,39521,0.2345,0.3172,0.3723,0.7227,1743,5800.6,,0.0000,
0001,千房直営,000002,第2エリア,040   ,ハービスＰＬＡＺＡ梅田支店,2026/05/13,水,平日,,雨,25.0,19.0,計,241783,200000,1.2089,0.8851,194241,1.2448,101,42,2393.9,2.89,88,1.1477,94,1.0745,54200,,0.0000,0.2209,0,58784,0.2431,0.2835,0.2431,0.5043,2322,6247.6,,0.0000,
0001,千房直営,000002,第2エリア,040   ,ハービスＰＬＡＺＡ梅田支店,2026/05/14,木,平日,,晴,27.0,17.0,計,219842,200000,1.0992,0.9386,215948,1.0180,100,38,2198.4,2.86,88,1.1364,84,1.1905,54200,25571,0.1163,0.1903,0,49320,0.2243,0.2662,0.3407,0.4564,2169,6081.4,,0.0000,
0001,千房直営,000002,第2エリア,040   ,ハービスＰＬＡＺＡ梅田支店,2026/05/15,金,平日,,晴,28.0,16.0,計,181541,200000,0.9077,0.9324,250290,0.7253,90,38,2017.1,2.57,88,1.0227,81,1.1111,54200,125477,0.6912,0.2878,0,64035,0.3527,0.2830,1.0439,0.5708,2568,4241.6,,0.0000,
0001,千房直営,000002,第2エリア,040   ,ハービスＰＬＡＺＡ梅田支店,2026/05/16,土,土曜,,晴,27.0,19.0,計,292414,300000,0.9747,0.9422,355895,0.8216,120,59,2436.8,3.43,132,0.9091,143,0.8392,80500,,0.0000,0.2191,0,83473,0.2855,0.2836,0.2855,0.5027,3512,4995.7,,0.0000,
0001,千房直営,000002,第2エリア,040   ,ハービスＰＬＡＺＡ梅田支店,2026/05/17,日,日祝,,晴,29.0,17.0,計,304709,300000,1.0157,0.9560,351881,0.8659,137,63,2224.2,3.91,132,1.0379,157,0.8726,79040,,0.0000,0.1754,0,56382,0.1850,0.2640,0.1850,0.4394,2260,8089.6,,0.0000,
0001,千房直営,000003,第3エリア,052   ,有楽町ビックカメラ支店,2026/05/11,月,平日,,晴,25.0,17.0,計,279158,220000,1.2689,1.2689,274276,1.0178,83,41,3363.3,1.48,72,1.1528,84,0.9881,0,44081,0.1579,0.1579,0,76069,0.2725,0.2725,0.4304,0.4304,3054,5484.4,,0.0000,
0001,千房直営,000003,第3エリア,052   ,有楽町ビックカメラ支店,2026/05/12,火,平日,,晴,25.0,17.0,計,294125,220000,1.3369,1.3029,276484,1.0638,107,53,2748.8,1.91,72,1.4861,121,0.8843,0,91405,0.3108,0.2363,0,79099,0.2689,0.2707,0.5797,0.5070,3261,5411.7,,0.0000,
0001,千房直営,000003,第3エリア,052   ,有楽町ビックカメラ支店,2026/05/13,水,平日,,曇,27.0,16.0,計,327960,230000,1.4259,1.3451,280930,1.1674,115,53,2851.8,2.05,75,1.5333,104,1.1058,0,31970,0.0975,0.1858,0,72523,0.2211,0.2526,0.3186,0.4384,2773,7096.1,,0.0000,
0001,千房直営,000003,第3エリア,052   ,有楽町ビックカメラ支店,2026/05/14,木,平日,,晴,24.0,15.0,計,183678,230000,0.7986,1.2055,225690,0.8139,72,33,2551.1,1.29,75,0.9600,86,0.8372,0,39552,0.2153,0.1908,0,78142,0.4254,0.2819,0.6408,0.4727,3107,3547.0,,0.0000,
0001,千房直営,000003,第3エリア,052   ,有楽町ビックカメラ支店,2026/05/15,金,平日,,晴,23.0,13.0,計,315142,300000,1.0505,1.1667,318369,0.9899,117,48,2693.5,2.09,98,1.1939,109,1.0734,0,,0.0000,0.1479,0,79811,0.2533,0.2754,0.2533,0.4233,3235,5845.0,,0.0000,
0001,千房直営,000003,第3エリア,052   ,有楽町ビックカメラ支店,2026/05/16,土,土曜,,晴,26.0,15.0,計,465458,460000,1.0119,1.1238,536741,0.8672,185,80,2516.0,3.30,184,1.0054,218,0.8486,0,,0.0000,0.1110,0,127266,0.2734,0.2749,0.2734,0.3859,5022,5561.0,,0.0000,
0001,千房直営,000003,第3エリア,052   ,有楽町ビックカメラ支店,2026/05/17,日,日祝,,晴,29.0,16.0,計,475215,460000,1.0331,1.1041,542016,0.8768,213,87,2231.1,3.80,193,1.1036,242,0.8802,0,,0.0000,0.0884,0,102306,0.2153,0.2628,0.2153,0.3513,3992,7142.5,,0.0000,
0001,千房直営,000003,第3エリア,053   ,そごう横浜店,2026/05/11,月,平日,,晴,24.0,17.0,計,141241,180000,0.7847,0.7847,164444,0.8589,58,32,2435.2,1.16,76,0.7632,67,0.8657,7560,131214,0.9290,0.9290,0,60885,0.4311,0.4311,1.3601,1.3601,2577,3288.5,,0.0000,
0001,千房直営,000003,第3エリア,053   ,そごう横浜店,2026/05/12,火,平日,,晴,24.0,17.0,計,177116,180000,0.9840,0.8843,123965,1.4288,72,39,2459.9,1.44,76,0.9474,67,1.0746,7560,33890,0.1913,0.5186,0,66586,0.3759,0.4004,0.5673,0.9190,2906,3656.9,,0.0000,
0001,千房直営,000003,第3エリア,053   ,そごう横浜店,2026/05/13,水,平日,,曇,25.0,17.0,計,174777,180000,0.9710,0.9132,162297,1.0769,71,34,2461.6,1.42,76,0.9342,69,1.0290,7560,31977,0.1830,0.3997,0,56854,0.3253,0.3738,0.5083,0.7734,2495,4203.1,,0.0000,
0001,千房直営,000003,第3エリア,053   ,そごう横浜店,2026/05/14,木,平日,,晴,25.0,17.0,計,105332,180000,0.5852,0.8312,197470,0.5334,54,27,1950.6,1.08,76,0.7105,81,0.6667,7560,10257,0.0974,0.3464,0,62644,0.5947,0.4127,0.6921,0.7591,2674,2363.5,,0.0000,
0001,千房直営,000003,第3エリア,053   ,そごう横浜店,2026/05/15,金,平日,,晴,23.0,15.0,計,261074,190000,1.3741,0.9445,242543,1.0764,106,55,2463.0,2.12,80,1.3250,96,1.1042,7560,71956,0.2756,0.3249,0,86352,0.3308,0.3878,0.6064,0.7127,3770,4155.0,,0.0000,
0001,千房直営,000003,第3エリア,053   ,そごう横浜店,2026/05/16,土,土曜,,晴,25.0,16.0,計,437915,450000,0.9731,0.9540,394724,1.1094,180,87,2432.9,3.60,191,0.9424,186,0.9677,16199,,0.0000,0.2153,0,89352,0.2040,0.3258,0.2040,0.5410,3877,6777.1,,0.0000,
0001,千房直営,000003,第3エリア,053   ,そごう横浜店,2026/05/17,日,日祝,,晴,28.0,17.0,計,352414,450000,0.7831,0.9115,401543,0.8776,156,69,2259.1,3.12,181,0.8619,185,0.8432,18900,,0.0000,0.1693,0,81737,0.2319,0.3057,0.2319,0.4750,3596,5880.1,,0.0000,
0001,千房直営,000003,第3エリア,057   ,ルミネ立川支店,2026/05/11,月,平日,,晴,24.0,13.0,計,104779,150000,0.6985,0.6985,97926,1.0700,52,33,2015.0,1.18,75,0.6933,55,0.9455,0,126109,1.2036,1.2036,0,58844,0.5616,0.5616,1.7652,1.7652,2627,2393.1,,0.0000,
0001,千房直営,000003,第3エリア,057   ,ルミネ立川支店,2026/05/12,火,平日,,曇,24.0,16.0,計,67951,150000,0.4530,0.5758,76756,0.8853,36,26,1887.5,0.82,75,0.4800,39,0.9231,0,34926,0.5140,0.9323,0,59002,0.8683,0.6823,1.3823,1.6145,2573,1584.6,,0.0000,
0001,千房直営,000003,第3エリア,057   ,ルミネ立川支店,2026/05/13,水,平日,,曇,27.0,13.0,計,115097,150000,0.7673,0.6396,100548,1.1447,54,35,2131.4,1.23,75,0.7200,55,0.9818,0,38668,0.3360,0.6938,0,63600,0.5526,0.6304,0.8885,1.3242,2788,2477.0,,0.0000,
0001,千房直営,000003,第3エリア,057   ,ルミネ立川支店,2026/05/14,木,平日,,曇,25.0,15.0,計,166581,150000,1.1105,0.7573,143995,1.1569,91,57,1830.6,2.07,75,1.2133,76,1.1974,0,4532,0.0272,0.4495,0,76412,0.4587,0.5675,0.4859,1.0169,3305,3024.2,,0.0000,
0001,千房直営,000003,第3エリア,057   ,ルミネ立川支店,2026/05/15,金,平日,,晴,24.0,13.0,計,186656,150000,1.2444,0.8548,167663,1.1133,99,58,1885.4,2.25,75,1.3200,91,1.0879,0,,0.0000,0.3186,0,68418,0.3665,0.5090,0.3665,0.8275,2959,3784.8,,0.0000,
0001,千房直営,000003,第3エリア,057   ,ルミネ立川支店,2026/05/16,土,土曜,,晴,27.0,14.0,計,477695,340000,1.4050,1.0264,451217,1.0587,245,118,1949.8,5.57,170,1.4412,223,1.0987,0,,0.0000,0.1826,0,112529,0.2356,0.3922,0.2356,0.5748,4887,5864.9,,0.0000,
0001,千房直営,000003,第3エリア,057   ,ルミネ立川支店,2026/05/17,日,日祝,,晴,30.0,15.0,計,412085,340000,1.2120,1.0705,416488,0.9894,215,102,1916.7,4.89,170,1.2647,219,0.9817,0,,0.0000,0.1334,0,87194,0.2116,0.3436,0.2116,0.4770,3892,6352.8,,0.0000,
0001,千房直営,000002,第2エリア,059   ,あべのキューズモール支店,2026/05/11,月,平日,,晴,25.0,15.0,計,148232,200000,0.7412,0.7412,177491,0.8352,77,39,1925.1,1.54,110,0.7000,87,0.8851,0,31311,0.2112,0.2112,0,60120,0.4056,0.4056,0.6168,0.6168,2663,3339.8,,0.0000,
0001,千房直営,000002,第2エリア,059   ,あべのキューズモール支店,2026/05/12,火,平日,,曇,25.0,17.0,計,165595,200000,0.8280,0.7846,147537,1.1224,85,39,1948.2,1.70,110,0.7727,77,1.1039,0,36167,0.2184,0.2150,0,67099,0.4052,0.4054,0.6236,0.6204,3031,3278.0,,0.0000,
0001,千房直営,000002,第2エリア,059   ,あべのキューズモール支店,2026/05/13,水,平日,,晴,25.0,19.0,計,191873,200000,0.9594,0.8428,240484,0.7979,111,54,1728.6,2.22,110,1.0091,121,0.9174,0,24135,0.1258,0.1812,0,49758,0.2593,0.3500,0.3851,0.5311,2212,5204.5,,0.0000,
0001,千房直営,000002,第2エリア,059   ,あべのキューズモール支店,2026/05/14,木,平日,,晴,27.0,17.0,計,240928,200000,1.2046,0.9333,183306,1.3143,120,57,2007.7,2.40,110,1.0909,93,1.2903,0,6240,0.0259,0.1311,0,60123,0.2495,0.3176,0.2754,0.4486,2717,5320.5,,0.0000,
0001,千房直営,000002,第2エリア,059   ,あべのキューズモール支店,2026/05/15,金,平日,,晴,27.0,16.0,計,154708,200000,0.7735,0.9013,152367,1.0154,87,40,1778.3,1.74,110,0.7909,82,1.0610,0,,0.0000,0.1086,0,64751,0.4185,0.3349,0.4185,0.4435,2848,3259.3,,0.0000,
0001,千房直営,000002,第2エリア,059   ,あべのキューズモール支店,2026/05/16,土,土曜,,晴,27.0,19.0,計,348943,400000,0.8724,0.8931,409792,0.8515,191,89,1826.9,3.82,220,0.8682,231,0.8268,0,,0.0000,0.0783,0,115845,0.3320,0.3341,0.3320,0.4123,5103,4102.8,,0.0000,
0001,千房直営,000002,第2エリア,059   ,あべのキューズモール支店,2026/05/17,日,日祝,,晴,29.0,17.0,計,392517,400000,0.9813,0.9127,449703,0.8728,219,90,1792.3,4.38,220,0.9955,252,0.8690,0,,0.0000,0.0596,0,105246,0.2681,0.3183,0.2681,0.3779,4648,5066.9,,0.0000,
0001,千房直営,000003,第3エリア,064   ,ヨドバシHD池袋ビル支店,2026/05/11,月,平日,,晴,25.0,17.0,計,44662,140000,0.3190,0.3190,103953,0.4296,23,14,1941.8,0.66,84,0.2738,52,0.4423,39619,20527,0.4596,0.4596,0,44094,0.9873,0.9873,1.4469,1.4469,1999,1340.5,,0.0000,
0001,千房直営,000003,第3エリア,064   ,ヨドバシHD池袋ビル支店,2026/05/12,火,平日,,晴,25.0,17.0,計,111407,140000,0.7958,0.5574,93621,1.1900,56,30,1989.4,1.60,84,0.6667,41,1.3659,39619,20977,0.1883,0.2659,0,51247,0.4600,0.6109,0.6483,0.8768,2248,2973.5,,0.0000,
0001,千房直営,000003,第3エリア,064   ,ヨドバシHD池袋ビル支店,2026/05/13,水,平日,,曇,26.0,15.0,計,139237,140000,0.9946,0.7031,90426,1.5398,75,44,1856.5,2.14,84,0.8929,46,1.6304,39619,87664,0.6296,0.4374,0,54535,0.3917,0.5075,1.0213,0.9449,2477,3372.7,,0.0000,
0001,千房直営,000003,第3エリア,064   ,ヨドバシHD池袋ビル支店,2026/05/14,木,平日,,晴,24.0,15.0,計,115808,140000,0.8272,0.7341,60160,1.9250,51,32,2270.7,1.46,84,0.6071,35,1.4571,39619,11783,0.1017,0.3429,0,56117,0.4846,0.5011,0.5863,0.8439,2443,2844.2,,0.0000,
0001,千房直営,000003,第3エリア,064   ,ヨドバシHD池袋ビル支店,2026/05/15,金,平日,,晴,23.0,13.0,計,134898,140000,0.9636,0.7800,122003,1.1057,57,31,2366.6,1.63,84,0.6786,48,1.1875,39619,33051,0.2450,0.3187,0,57072,0.4231,0.4818,0.6681,0.8005,2514,3219.5,,0.0000,
0001,千房直営,000003,第3エリア,064   ,ヨドバシHD池袋ビル支店,2026/05/16,土,土曜,,晴,26.0,15.0,計,225409,320000,0.7044,0.7563,232793,0.9683,91,47,2477.0,2.60,214,0.4252,110,0.8273,89920,,0.0000,0.2256,0,69421,0.3080,0.4310,0.3080,0.6566,3012,4490.2,,0.0000,
0001,千房直営,000003,第3エリア,064   ,ヨドバシHD池袋ビル支店,2026/05/17,日,日祝,,晴,29.0,16.0,計,221186,300000,0.7373,0.7520,233762,0.9462,103,48,2147.4,2.94,204,0.5049,104,0.9904,84599,,0.0000,0.1753,0,73581,0.3327,0.4091,0.3327,0.5844,3208,4136.9,,0.0000,
0001,千房直営,000002,第2エリア,065   ,名代JO-TERRACE OSAKA店,2026/05/11,月,平日,,晴,25.0,15.0,計,170272,180000,0.9460,0.9460,,,91,42,1871.1,1.57,91,1.0000,,,0,14025,0.0824,0.0824,0,50229,0.2950,0.2950,0.3774,0.3774,2183,4679.9,,0.0000,コブクロ
0001,千房直営,000002,第2エリア,065   ,名代JO-TERRACE OSAKA店,2026/05/12,火,平日,,曇,26.0,18.0,計,,0,,0.9460,131261,0.0000,,,,0,0,,70,0.0000,0,,,0.0824,0,0,,0.2950,,0.3774,0,,,,店休日
0001,千房直営,000002,第2エリア,065   ,名代JO-TERRACE OSAKA店,2026/05/13,水,平日,,雨,25.0,20.0,計,152298,150000,1.0153,0.9775,219114,0.6951,79,38,1927.8,1.36,76,1.0395,122,0.6475,0,,0.0000,0.0435,0,53982,0.3545,0.3231,0.3545,0.3665,2303,3967.8,,0.0000,THE RAMPAGE
0001,千房直営,000002,第2エリア,065   ,名代JO-TERRACE OSAKA店,2026/05/14,木,平日,,晴,28.0,18.0,計,127392,150000,0.8493,0.9374,85883,1.4833,74,39,1721.5,1.28,76,0.9737,46,1.6087,0,20747,0.1629,0.0773,0,57867,0.4542,0.3602,0.6171,0.4375,2482,3079.6,,0.0000,THE RAMPAGE
0001,千房直営,000002,第2エリア,065   ,名代JO-TERRACE OSAKA店,2026/05/15,金,平日,,晴,28.0,17.0,計,130750,90000,1.4528,1.0188,182188,0.7177,72,27,1816.0,1.24,45,1.6000,92,0.7826,0,174944,1.3380,0.3611,0,33533,0.2565,0.3368,1.5945,0.6980,1419,5528.5,,0.0000,イベントなし
0001,千房直営,000002,第2エリア,065   ,名代JO-TERRACE OSAKA店,2026/05/16,土,土曜,,晴,27.0,19.0,計,393398,350000,1.1240,1.0588,286994,1.3708,187,87,2103.7,3.22,178,1.0506,142,1.3169,0,19666,0.0500,0.2355,0,91252,0.2320,0.2945,0.2819,0.5300,3951,5974.2,,0.0000,Hump Back
0001,千房直営,000002,第2エリア,065   ,名代JO-TERRACE OSAKA店,2026/05/17,日,日祝,,晴,29.0,18.0,計,183115,350000,0.5232,0.9112,361196,0.5070,105,48,1744.0,1.81,178,0.5899,184,0.5707,0,,0.0000,0.1982,0,64572,0.3526,0.3037,0.3526,0.5019,2786,3943.6,,0.0000,イベントなし
0001,千房直営,000003,第3エリア,066   ,セレオ八王子支店,2026/05/11,月,平日,,晴,24.0,12.0,計,117253,110000,1.0659,1.0659,84966,1.3800,66,43,1776.6,1.74,57,1.1579,48,1.3750,0,61898,0.5279,0.5279,0,50332,0.4293,0.4293,0.9572,0.9572,2305,3052.1,,0.0000,
0001,千房直営,000003,第3エリア,066   ,セレオ八王子支店,2026/05/12,火,平日,,晴,24.0,16.0,計,81784,120000,0.6815,0.8654,83907,0.9747,48,28,1703.8,1.26,62,0.7742,39,1.2308,0,49305,0.6029,0.5587,0,52665,0.6440,0.5175,1.2468,1.0762,2308,2126.1,,0.0000,
0001,千房直営,000003,第3エリア,066   ,セレオ八王子支店,2026/05/13,水,平日,,曇,27.0,12.0,計,171011,120000,1.4251,1.0573,70806,2.4152,84,46,2035.8,2.21,62,1.3548,38,2.2105,0,12337,0.0721,0.3338,0,52182,0.3051,0.4193,0.3773,0.7532,2418,4243.4,,0.0000,
0001,千房直営,000003,第3エリア,066   ,セレオ八王子支店,2026/05/14,木,平日,,晴,25.0,15.0,計,112119,120000,0.9343,1.0259,79041,1.4185,67,39,1673.4,1.76,62,1.0806,49,1.3673,0,57313,0.5112,0.3751,0,54089,0.4824,0.4340,0.9936,0.8091,2437,2760.4,,0.0000,
0001,千房直営,000003,第3エリア,066   ,セレオ八王子支店,2026/05/15,金,平日,,晴,23.0,13.0,計,160299,120000,1.3358,1.0889,111041,1.4436,76,53,2109.2,2.00,62,1.2258,57,1.3333,0,,0.0000,0.2815,0,53584,0.3343,0.4091,0.3343,0.6906,2466,3900.2,,0.0000,
0001,千房直営,000003,第3エリア,066   ,セレオ八王子支店,2026/05/16,土,土曜,,晴,27.0,13.0,計,201445,200000,1.0072,1.0682,189637,1.0623,113,57,1782.7,2.97,110,1.0273,108,1.0463,0,,0.0000,0.2143,0,77840,0.3864,0.4037,0.3864,0.6180,3657,3305.1,,0.0000,
0001,千房直営,000003,第3エリア,066   ,セレオ八王子支店,2026/05/17,日,日祝,,晴,30.0,14.0,計,174814,190000,0.9201,1.0395,189920,0.9205,100,52,1748.1,2.63,100,1.0000,101,0.9901,0,,0.0000,0.1775,0,75132,0.4298,0.4082,0.4298,0.5857,3491,3004.5,,0.0000,
0001,千房直営,000002,第2エリア,067   ,ららぽーと名古屋みなとアクルス店,2026/05/11,月,平日,,晴,27.0,13.0,計,124609,110000,1.1328,1.1328,111615,1.1164,81,41,1538.4,1.45,65,1.2462,58,1.3966,0,48385,0.3883,0.3883,0,56099,0.4502,0.4502,0.8385,0.8385,2593,2883.4,,0.0000,
0001,千房直営,000002,第2エリア,067   ,ららぽーと名古屋みなとアクルス店,2026/05/12,火,平日,,晴,27.0,18.0,計,114011,110000,1.0365,1.0846,101104,1.1277,72,38,1583.5,1.29,65,1.1077,55,1.3091,0,83358,0.7311,0.5521,0,52957,0.4645,0.4570,1.1956,1.0091,2209,3096.7,,0.0000,
0001,千房直営,000002,第2エリア,067   ,ららぽーと名古屋みなとアクルス店,2026/05/13,水,平日,,雨,26.0,18.0,計,114922,110000,1.0447,1.0713,110477,1.0402,69,35,1665.5,1.23,65,1.0615,74,0.9324,0,8480,0.0738,0.3966,0,52287,0.4550,0.4564,0.5288,0.8530,2526,2729.7,,0.0000,
0001,千房直営,000002,第2エリア,067   ,ららぽーと名古屋みなとアクルス店,2026/05/14,木,平日,,晴,26.0,15.0,計,102597,110000,0.9327,1.0367,118604,0.8650,70,39,1465.7,1.25,65,1.0769,73,0.9589,0,,0.0000,0.3074,0,53636,0.5228,0.4713,0.5228,0.7787,2332,2639.7,,0.0000,
0001,千房直営,000002,第2エリア,067   ,ららぽーと名古屋みなとアクルス店,2026/05/15,金,平日,,晴,28.0,15.0,計,161596,110000,1.4691,1.1232,136683,1.1823,97,53,1665.9,1.73,65,1.4923,79,1.2278,0,,0.0000,0.2270,0,63050,0.3902,0.4501,0.3902,0.6771,2791,3473.9,,0.0000,
0001,千房直営,000002,第2エリア,067   ,ららぽーと名古屋みなとアクルス店,2026/05/16,土,土曜,,晴,29.0,18.0,計,349156,360000,0.9699,1.0625,381741,0.9146,213,91,1639.2,3.80,214,0.9953,245,0.8694,0,,0.0000,0.1450,0,104970,0.3006,0.3961,0.3006,0.5411,4439,4719.4,,0.0000,
0001,千房直営,000002,第2エリア,067   ,ららぽーと名古屋みなとアクルス店,2026/05/17,日,日祝,,晴,31.0,15.0,計,438069,380000,1.1528,1.0891,387830,1.1295,240,104,1825.3,4.29,226,1.0619,230,1.0435,0,,0.0000,0.0998,0,105781,0.2415,0.3479,0.2415,0.4477,4467,5884.1,,0.0000,
0001,千房直営,000003,第3エリア,068   ,舞 イクスピアリ店,2026/05/11,月,平日,,晴,23.0,18.0,計,278590,260000,1.0715,1.0715,316981,0.8789,134,51,2079.0,2.58,130,1.0308,144,0.9306,0,26635,0.0956,0.0956,0,74413,0.2671,0.2671,0.3627,0.3627,2959,5649.0,,0.0000,
0001,千房直営,000003,第3エリア,068   ,舞 イクスピアリ店,2026/05/12,火,平日,,晴,25.0,17.0,計,290865,260000,1.1187,1.0951,243313,1.1954,124,53,2345.7,2.38,130,0.9538,121,1.0248,0,41844,0.1439,0.1203,0,92888,0.3194,0.2938,0.4632,0.4140,3720,4691.4,,0.0000,
0001,千房直営,000003,第3エリア,068   ,舞 イクスピアリ店,2026/05/13,水,平日,,晴,26.0,16.0,計,315393,260000,1.2131,1.1344,319699,0.9865,153,61,2061.4,2.94,130,1.1769,147,1.0408,0,18200,0.0577,0.0980,0,99521,0.3155,0.3015,0.3733,0.3995,4067,4653.0,,0.0000,
0001,千房直営,000003,第3エリア,068   ,舞 イクスピアリ店,2026/05/14,木,平日,,晴,24.0,15.0,計,208378,260000,0.8015,1.0512,295142,0.7060,104,41,2003.6,2.00,130,0.8000,154,0.6753,0,35250,0.1692,0.1115,0,98857,0.4744,0.3345,0.6436,0.4460,3939,3174.1,,0.0000,
0001,千房直営,000003,第3エリア,068   ,舞 イクスピアリ店,2026/05/15,金,平日,,晴,23.0,14.0,計,305088,260000,1.1734,1.0756,263496,1.1578,147,58,2075.4,2.83,130,1.1308,128,1.1484,0,97366,0.3191,0.1568,0,82938,0.2718,0.3208,0.5910,0.4777,3323,5508.7,,0.0000,
0001,千房直営,000003,第3エリア,068   ,舞 イクスピアリ店,2026/05/16,土,土曜,,晴,26.0,15.0,計,474591,480000,0.9887,1.0522,392006,1.2107,206,90,2303.8,3.96,240,0.8583,181,1.1381,0,64256,0.1354,0.1514,0,123827,0.2609,0.3056,0.3963,0.4570,4994,5701.9,,0.0000,
0001,千房直営,000003,第3エリア,068   ,舞 イクスピアリ店,2026/05/17,日,日祝,,晴,28.0,16.0,計,423345,460000,0.9203,1.0251,360598,1.1740,181,72,2338.9,3.48,230,0.7870,185,0.9784,0,,0.0000,0.1235,0,120501,0.2846,0.3018,0.2846,0.4253,4930,5152.3,,0.0000,
0001,千房直営,000003,第3エリア,069   ,有明ガーデン支店,2026/05/11,月,平日,,晴,24.0,18.0,計,177723,180000,0.9874,0.9874,246140,0.7220,69,35,2575.7,1.41,84,0.8214,122,0.5656,38800,120400,0.6775,0.6775,0,63116,0.3551,0.3551,1.0326,1.0326,2654,4017.9,,0.0000,
0001,千房直営,000003,第3エリア,069   ,有明ガーデン支店,2026/05/12,火,平日,,晴,25.0,17.0,計,140698,200000,0.7035,0.8380,218456,0.6441,73,33,1927.4,1.49,93,0.7849,106,0.6887,38800,80688,0.5735,0.6315,0,73152,0.5199,0.4279,1.0934,1.0595,2805,3009.6,,0.0000,
0001,千房直営,000003,第3エリア,069   ,有明ガーデン支店,2026/05/13,水,平日,,曇,26.0,16.0,計,207103,200000,1.0355,0.9061,121787,1.7005,100,56,2071.0,2.04,93,1.0753,61,1.6393,38800,96109,0.4641,0.5655,0,70583,0.3408,0.3936,0.8049,0.9591,2706,4592.1,,0.0000,
0001,千房直営,000003,第3エリア,069   ,有明ガーデン支店,2026/05/14,木,平日,,晴,24.0,15.0,計,179014,200000,0.8951,0.9033,172064,1.0404,61,35,2934.7,1.24,93,0.6559,80,0.7625,38800,38700,0.2162,0.4768,0,71013,0.3967,0.3944,0.6129,0.8712,2713,3959.0,,0.0000,
0001,千房直営,000003,第3エリア,069   ,有明ガーデン支店,2026/05/15,金,平日,,晴,23.0,14.0,計,267811,200000,1.3391,0.9922,240782,1.1123,115,56,2328.8,2.35,93,1.2366,112,1.0268,38800,185131,0.6913,0.5358,0,69766,0.2605,0.3575,0.9518,0.8934,2741,5862.3,,0.0000,
0001,千房直営,000003,第3エリア,069   ,有明ガーデン支店,2026/05/16,土,土曜,,晴,26.0,15.0,計,351652,450000,0.7814,0.9259,656582,0.5356,157,75,2239.8,3.20,205,0.7659,309,0.5081,103400,37948,0.1079,0.4222,0,85802,0.2440,0.3274,0.3519,0.7496,3668,5752.2,,0.0000,
0001,千房直営,000003,第3エリア,069   ,有明ガーデン支店,2026/05/17,日,日祝,,晴,28.0,16.0,計,349280,450000,0.7762,0.8900,528046,0.6615,145,59,2408.8,2.96,208,0.6971,273,0.5311,89000,,0.0000,0.3341,0,108054,0.3094,0.3236,0.3094,0.6577,4386,4778.1,,0.0000,
0001,千房直営,000002,第2エリア,071   ,イオンモール各務原インター支店,2026/05/11,月,平日,,晴,25.0,14.0,計,75230,60000,1.2538,1.2538,59697,1.2602,53,27,1419.4,1.13,44,1.2045,44,1.2045,0,9380,0.1247,0.1247,0,30384,0.4039,0.4039,0.5286,0.5286,1411,3199.0,,0.0000,
0001,千房直営,000002,第2エリア,071   ,イオンモール各務原インター支店,2026/05/12,火,平日,,晴,25.0,17.0,計,52562,60000,0.8760,1.0649,64097,0.8200,36,21,1460.1,0.77,44,0.8182,43,0.8372,0,23575,0.4485,0.2579,0,26869,0.5112,0.4480,0.9597,0.7059,1305,2416.6,,0.0000,
0001,千房直営,000002,第2エリア,071   ,イオンモール各務原インター支店,2026/05/13,水,平日,,晴,26.0,16.0,計,56223,60000,0.9371,1.0223,76132,0.7385,40,21,1405.6,0.85,44,0.9091,55,0.7273,0,13477,0.2397,0.2523,0,31370,0.5580,0.4816,0.7977,0.7339,1446,2332.9,,0.0000,
0001,千房直営,000002,第2エリア,071   ,イオンモール各務原インター支店,2026/05/14,木,平日,,雨,27.0,15.0,計,52279,60000,0.8713,0.9846,61876,0.8449,37,21,1412.9,0.79,44,0.8409,47,0.7872,0,21528,0.4118,0.2876,0,29805,0.5701,0.5012,0.9819,0.7888,1322,2372.7,,0.0000,
0001,千房直営,000002,第2エリア,071   ,イオンモール各務原インター支店,2026/05/15,金,平日,,晴,28.0,16.0,計,65416,60000,1.0903,1.0057,63780,1.0257,44,25,1486.7,0.94,44,1.0000,44,1.0000,0,45512,0.6957,0.3761,0,32135,0.4912,0.4990,1.1870,0.8751,1586,2474.8,,0.0000,
0001,千房直営,000002,第2エリア,071   ,イオンモール各務原インター支店,2026/05/16,土,土曜,,晴,28.0,17.0,計,124948,180000,0.6942,0.8889,196800,0.6349,82,40,1523.8,1.74,120,0.6833,130,0.6308,0,14866,0.1190,0.3008,0,48547,0.3885,0.4667,0.5075,0.7675,2256,3323.1,,0.0000,
0001,千房直営,000002,第2エリア,071   ,イオンモール各務原インター支店,2026/05/17,日,日祝,,晴,31.0,16.0,計,219154,180000,1.2175,0.9785,162301,1.3503,133,57,1647.8,2.83,120,1.1083,106,1.2547,0,,0.0000,0.1987,0,44496,0.2030,0.3772,0.2030,0.5759,2100,6261.5,,0.0000,
0001,千房直営,600000,本社,1000  ,本社,2026/05/11,月,平日,,晴,25.0,15.0,計,,,,,,,,,,,,,,,,,,,,0,,,,,0,,,,
0001,千房直営,600000,本社,1000  ,本社,2026/05/12,火,平日,,曇,26.0,18.0,計,,,,,,,,,,,,,,,,,,,,0,,,,,0,,,,
0001,千房直営,600000,本社,1000  ,本社,2026/05/13,水,平日,,雨,25.0,20.0,計,,,,,,,,,,,,,,,,,,,,0,,,,,0,,,,
0001,千房直営,600000,本社,1000  ,本社,2026/05/14,木,平日,,晴,28.0,17.0,計,,,,,,,,,,,,,,,,,,,,0,,,,,0,,,,
0001,千房直営,600000,本社,1000  ,本社,2026/05/15,金,平日,,晴,28.0,17.0,計,,,,,,,,,,,,,,,,,,,,0,,,,,0,,,,
0001,千房直営,600000,本社,1000  ,本社,2026/05/16,土,土曜,,晴,27.0,19.0,計,,,,,,,,,,,,,,,,,,,,0,,,,,0,,,,
0001,千房直営,600000,本社,1000  ,本社,2026/05/17,日,日祝,,晴,29.0,18.0,計,,,,,,,,,,,,,,,,,,,,0,,,,,0,,,,
0001,千房直営,000004,第4エリア,101   ,ぷれじでんと南本店,2026/05/11,月,平日,,晴,25.0,15.0,計,147220,260000,0.5662,0.5662,247462,0.5949,10,4,14722.0,0.34,23,0.4348,22,0.4545,0,129979,0.8829,0.8829,0,55684,0.3782,0.3782,1.2611,1.2611,2399,3682.0,,0.0000,
0001,千房直営,000004,第4エリア,101   ,ぷれじでんと南本店,2026/05/12,火,平日,,曇,26.0,18.0,計,295280,260000,1.1357,0.8510,165770,1.7813,27,9,10936.3,0.93,23,1.1739,16,1.6875,0,45053,0.1526,0.3956,0,66535,0.2253,0.2762,0.3779,0.6718,2625,6749.3,,0.0000,
0001,千房直営,000004,第4エリア,101   ,ぷれじでんと南本店,2026/05/13,水,平日,,雨,25.0,20.0,計,175030,260000,0.6732,0.7917,351693,0.4977,14,5,12502.1,0.48,23,0.6087,27,0.5185,0,33793,0.1931,0.3382,0,48609,0.2777,0.2766,0.4708,0.6148,2065,5085.6,,0.0000,
0001,千房直営,000004,第4エリア,101   ,ぷれじでんと南本店,2026/05/14,木,平日,,晴,28.0,18.0,計,59982,260000,0.2307,0.6515,400378,0.1498,7,4,8568.9,0.24,23,0.3043,42,0.1667,0,23116,0.3854,0.3423,0,51282,0.8550,0.3278,1.2403,0.6702,2160,1666.2,,0.0000,
0001,千房直営,000004,第4エリア,101   ,ぷれじでんと南本店,2026/05/15,金,平日,,晴,28.0,17.0,計,187764,330000,0.5690,0.6316,187770,1.0000,19,7,9882.3,0.66,29,0.6552,12,1.5833,0,40608,0.2163,0.3150,0,52973,0.2821,0.3179,0.4984,0.6329,2323,4849.7,,0.0000,
0001,千房直営,000004,第4エリア,101   ,ぷれじでんと南本店,2026/05/16,土,土曜,,晴,27.0,19.0,計,465920,330000,1.4119,0.7831,515016,0.9047,35,11,13312.0,1.21,29,1.2069,47,0.7447,0,,0.0000,0.2047,0,79033,0.1696,0.2660,0.1696,0.4708,3158,8852.2,,0.0000,
0001,千房直営,000004,第4エリア,101   ,ぷれじでんと南本店,2026/05/17,日,日祝,,晴,29.0,18.0,計,,0,,0.7831,,,,,,0,0,,,,0,,,0.2047,0,0,,0.2660,,0.4708,0,,,,
0001,千房直営,000004,第4エリア,102   ,ぷれじでんと北店,2026/05/11,月,平日,,晴,25.0,15.0,計,274797,350000,0.7851,0.7851,323980,0.8482,18,5,15266.5,0.58,31,0.5806,25,0.7200,0,77238,0.2811,0.2811,0,116917,0.4255,0.4255,0.7065,0.7065,4632,3559.5,,0.0000,
0001,千房直営,000004,第4エリア,102   ,ぷれじでんと北店,2026/05/12,火,平日,,曇,26.0,18.0,計,472537,350000,1.3501,1.0676,372810,1.2675,29,10,16294.4,0.94,31,0.9355,28,1.0357,0,107507,0.2275,0.2472,0,88472,0.1872,0.2748,0.4147,0.5220,3570,7941.8,,0.0000,
0001,千房直営,000004,第4エリア,102   ,ぷれじでんと北店,2026/05/13,水,平日,,雨,25.0,19.0,計,505490,350000,1.4443,1.1932,660386,0.7654,33,10,15317.9,1.06,31,1.0645,36,0.9167,0,61943,0.1225,0.1969,0,100135,0.1981,0.2439,0.3206,0.4408,3970,7639.6,,0.0000,
0001,千房直営,000004,第4エリア,102   ,ぷれじでんと北店,2026/05/14,木,平日,,晴,27.0,17.0,計,165520,450000,0.3678,0.9456,225855,0.7329,9,4,18391.1,0.29,40,0.2250,24,0.3750,0,117464,0.7097,0.2567,0,81099,0.4900,0.2726,1.1996,0.5293,3217,3087.1,,0.0000,
0001,千房直営,000004,第4エリア,102   ,ぷれじでんと北店,2026/05/15,金,平日,,晴,28.0,16.0,計,552700,500000,1.1054,0.9855,489115,1.1300,42,11,13159.5,1.35,45,0.9333,40,1.0500,0,80214,0.1451,0.2254,0,109978,0.1990,0.2519,0.3441,0.4774,4254,7795.5,,0.0000,
0001,千房直営,000004,第4エリア,102   ,ぷれじでんと北店,2026/05/16,土,土曜,,晴,27.0,19.0,計,387140,350000,1.1061,1.0035,559617,0.6918,32,9,12098.1,1.03,31,1.0323,50,0.6400,0,44841,0.1158,0.2075,0,100634,0.2599,0.2533,0.3758,0.4607,4154,5591.8,,0.0000,
0001,千房直営,000004,第4エリア,102   ,ぷれじでんと北店,2026/05/17,日,日祝,,晴,29.0,17.0,計,,0,,1.0035,,,,,,0,0,,,,0,,,0.2075,0,0,,0.2533,,0.4607,0,,,,
0001,千房直営,000004,第4エリア,103   ,ぷれじでんとシェラトン都ホテル大阪店,2026/05/11,月,平日,,晴,25.0,15.0,計,,0,,,,,,,,0,0,,,,0,2350,,,0,0,,,,,0,,,,
0001,千房直営,000004,第4エリア,103   ,ぷれじでんとシェラトン都ホテル大阪店,2026/05/12,火,平日,,曇,25.0,18.0,計,383575,300000,1.2786,1.2786,338511,1.1331,48,18,7991.1,1.12,0,,35,1.3714,0,250506,0.6531,0.6592,0,120975,0.3154,0.3154,0.9685,0.9746,4880,4716.1,,0.0000,
0001,千房直営,000004,第4エリア,103   ,ぷれじでんとシェラトン都ホテル大阪店,2026/05/13,水,平日,,晴,25.0,19.0,計,373013,300000,1.2434,1.2610,331638,1.1248,52,23,7173.3,1.21,0,,60,0.8667,0,66122,0.1773,0.4216,0,123391,0.3308,0.3230,0.5081,0.7446,4854,4610.8,,0.0000,
0001,千房直営,000004,第4エリア,103   ,ぷれじでんとシェラトン都ホテル大阪店,2026/05/14,木,平日,,晴,27.0,17.0,計,351095,300000,1.1703,1.2308,208196,1.6864,44,16,7979.4,1.02,0,,25,1.7600,0,40120,0.1143,0.3242,0,135183,0.3850,0.3427,0.4993,0.6668,5447,3867.4,,0.0000,
0001,千房直営,000004,第4エリア,103   ,ぷれじでんとシェラトン都ホテル大阪店,2026/05/15,金,平日,,晴,27.0,16.0,計,210420,300000,0.7014,1.0984,110645,1.9018,33,15,6376.4,0.77,0,,25,1.3200,0,,0.0000,0.2724,0,119538,0.5681,0.3786,0.5681,0.6511,4949,2551.1,,0.0000,
0001,千房直営,000004,第4エリア,103   ,ぷれじでんとシェラトン都ホテル大阪店,2026/05/16,土,土曜,,晴,27.0,19.0,計,942702,700000,1.3467,1.1899,518211,1.8191,97,29,9718.6,2.26,0,,76,1.2763,0,-3320,-0.0035,0.1574,0,180090,0.1910,0.3004,0.1875,0.4578,7264,7786.6,,0.0000,
0001,千房直営,000004,第4エリア,103   ,ぷれじでんとシェラトン都ホテル大阪店,2026/05/17,日,日祝,,晴,29.0,17.0,計,973803,700000,1.3911,1.2441,820717,1.1865,86,23,11323.3,2.00,0,,114,0.7544,0,,0.0000,0.1100,0,178629,0.1834,0.2652,0.1834,0.3752,7405,7890.4,,0.0000,
0001,千房直営,000004,第4エリア,109   ,ぷれじでんとオー・エム・ホテル日航ビル店,2026/05/11,月,平日,,晴,25.0,15.0,計,,0,,,,,,,,0,0,,,,0,,,,0,0,,,,,0,,,,
0001,千房直営,000004,第4エリア,109   ,ぷれじでんとオー・エム・ホテル日航ビル店,2026/05/12,火,平日,,曇,26.0,18.0,計,427825,250000,1.7113,1.7113,326581,1.3100,41,13,10434.8,1.46,30,1.3667,31,1.3226,0,151567,0.3543,0.3543,0,91105,0.2129,0.2129,0.5672,0.5672,3758,6830.6,,0.0000,
0001,千房直営,000004,第4エリア,109   ,ぷれじでんとオー・エム・ホテル日航ビル店,2026/05/13,水,平日,,雨,25.0,20.0,計,196200,300000,0.6540,1.1346,419641,0.4675,26,11,7546.2,0.93,35,0.7429,51,0.5098,0,51398,0.2620,0.3253,0,73924,0.3768,0.2645,0.6387,0.5897,3107,3788.9,,0.0000,
0001,千房直営,000004,第4エリア,109   ,ぷれじでんとオー・エム・ホテル日航ビル店,2026/05/14,木,平日,,晴,28.0,18.0,計,238949,300000,0.7965,1.0153,314792,0.7591,32,14,7467.2,1.14,35,0.9143,43,0.7442,0,98174,0.4109,0.3490,0,86741,0.3630,0.2917,0.7739,0.6407,3516,4077.6,,0.0000,
0001,千房直営,000004,第4エリア,109   ,ぷれじでんとオー・エム・ホテル日航ビル店,2026/05/15,金,平日,,晴,28.0,17.0,計,439987,300000,1.4666,1.1330,296580,1.4835,51,17,8627.2,1.82,35,1.4571,31,1.6452,0,84384,0.1918,0.2959,0,98463,0.2238,0.2688,0.4156,0.5647,4053,6513.5,,0.0000,
0001,千房直営,000004,第4エリア,109   ,ぷれじでんとオー・エム・ホテル日航ビル店,2026/05/16,土,土曜,,晴,27.0,19.0,計,540037,500000,1.0801,1.1170,388890,1.3887,68,26,7941.7,2.43,65,1.0462,52,1.3077,0,84635,0.1567,0.2551,0,114688,0.2124,0.2523,0.3691,0.5074,4686,6914.7,,0.0000,
0001,千房直営,000004,第4エリア,109   ,ぷれじでんとオー・エム・ホテル日航ビル店,2026/05/17,日,日祝,,晴,29.0,18.0,計,628652,450000,1.3970,1.1770,574302,1.0946,75,32,8382.0,2.68,55,1.3636,73,1.0274,0,36667,0.0583,0.2051,0,136228,0.2167,0.2432,0.2750,0.4483,5512,6843.1,,0.0000,
0001,千房直営,000004,第4エリア,111   ,ぷれじでんと大丸心斎橋店,2026/05/11,月,平日,,晴,25.0,15.0,計,279075,350000,0.7974,0.7974,388848,0.7177,55,19,5074.1,1.62,44,1.2500,50,1.1000,165550,167902,0.6016,0.6016,0,106280,0.3808,0.3808,0.9825,0.9825,4320,3876.0,,0.0000,
0001,千房直営,000004,第4エリア,111   ,ぷれじでんと大丸心斎橋店,2026/05/12,火,平日,,曇,26.0,18.0,計,308923,350000,0.8826,0.8400,535609,0.5768,46,21,6715.7,1.35,44,1.0455,64,0.7188,165550,56081,0.1815,0.3809,0,101497,0.3286,0.3534,0.5101,0.7343,4169,4446.0,,0.0000,
0001,千房直営,000004,第4エリア,111   ,ぷれじでんと大丸心斎橋店,2026/05/13,水,平日,,雨,25.0,20.0,計,389365,350000,1.1125,0.9308,486590,0.8002,40,19,9734.1,1.18,44,0.9091,69,0.5797,165550,80577,0.2069,0.3116,0,101124,0.2597,0.3161,0.4667,0.6277,4226,5528.1,,0.0000,
0001,千房直営,000004,第4エリア,111   ,ぷれじでんと大丸心斎橋店,2026/05/14,木,平日,,晴,28.0,18.0,計,339492,350000,0.9700,0.9406,302375,1.1228,49,17,6928.4,1.44,44,1.1136,54,0.9074,165550,157363,0.4635,0.3508,0,106041,0.3124,0.3151,0.7759,0.6659,4562,4465.0,,0.0000,
0001,千房直営,000004,第4エリア,111   ,ぷれじでんと大丸心斎橋店,2026/05/15,金,平日,,晴,28.0,17.0,計,322069,350000,0.9202,0.9365,592158,0.5439,54,23,5964.2,1.59,44,1.2273,60,0.9000,165550,,0.0000,0.2818,0,118669,0.3685,0.3256,0.3685,0.6074,4790,4034.3,,0.0000,
0001,千房直営,000004,第4エリア,111   ,ぷれじでんと大丸心斎橋店,2026/05/16,土,土曜,,晴,27.0,19.0,計,706919,700000,1.0099,0.9575,514782,1.3732,105,41,6732.6,3.09,87,1.2069,95,1.1053,214900,199333,0.2820,0.2819,0,153812,0.2176,0.2930,0.4996,0.5749,6256,6779.9,,0.0000,
0001,千房直営,000004,第4エリア,111   ,ぷれじでんと大丸心斎橋店,2026/05/17,日,日祝,,晴,29.0,18.0,計,662054,700000,0.9458,0.9549,587022,1.1278,85,33,7788.9,2.50,88,0.9659,81,1.0494,208600,,0.0000,0.2198,0,172337,0.2603,0.2858,0.2603,0.5057,6777,5861.5,,0.0000,
0001,千房直営,000004,第4エリア,112   ,琥 虎ノ門,2026/05/11,月,平日,,晴,24.0,17.0,計,106530,220000,0.4842,0.4842,205700,0.5179,7,3,15218.6,0.50,15,0.4667,17,0.4118,0,18955,0.1779,0.1779,0,54060,0.5075,0.5075,0.6854,0.6854,2170,2945.5,,0.0000,
0001,千房直営,000004,第4エリア,112   ,琥 虎ノ門,2026/05/12,火,平日,,晴,25.0,17.0,計,238500,220000,1.0841,0.7842,392470,0.6077,13,4,18346.2,0.93,15,0.8667,21,0.6190,0,25744,0.1079,0.1296,0,43799,0.1836,0.2836,0.2916,0.4132,1775,8062.0,,0.0000,
0001,千房直営,000004,第4エリア,112   ,琥 虎ノ門,2026/05/13,水,平日,,曇,26.0,16.0,計,231680,220000,1.0531,0.8738,382050,0.6064,11,5,21061.8,0.79,15,0.7333,20,0.5500,0,30404,0.1312,0.1302,0,53781,0.2321,0.2629,0.3634,0.3932,2144,6483.6,,0.0000,
0001,千房直営,000004,第4エリア,112   ,琥 虎ノ門,2026/05/14,木,平日,,晴,24.0,15.0,計,48250,220000,0.2193,0.7102,132650,0.3637,6,3,8041.7,0.43,15,0.4000,7,0.8571,0,45260,0.9380,0.1926,0,46160,0.9567,0.3165,1.8947,0.5091,1803,1605.7,,0.0000,
0001,千房直営,000004,第4エリア,112   ,琥 虎ノ門,2026/05/15,金,平日,,晴,23.0,14.0,計,290250,220000,1.3193,0.8320,234400,1.2383,13,5,22326.9,0.93,15,0.8667,13,1.0000,0,25245,0.0870,0.1591,0,60533,0.2086,0.2823,0.2955,0.4414,2393,7277.5,,0.0000,
0001,千房直営,000004,第4エリア,112   ,琥 虎ノ門,2026/05/16,土,土曜,,晴,26.0,16.0,計,37625,220000,0.1710,0.7218,222480,0.1691,4,3,9406.3,0.29,15,0.2667,14,0.2857,0,6289,0.1672,0.1594,0,45026,1.1967,0.3184,1.3639,0.4778,1808,1248.6,,0.0000,
0001,千房直営,000004,第4エリア,112   ,琥 虎ノ門,2026/05/17,日,日祝,,晴,28.0,16.0,計,180440,220000,0.8202,0.7359,211160,0.8545,14,5,12888.6,1.00,15,0.9333,11,1.2727,0,2380,0.0132,0.1361,0,46750,0.2591,0.3089,0.2723,0.4451,1861,5817.5,,0.0000,
0001,千房直営,000004,第4エリア,113   ,ぷれじでんとRetreat,2026/05/11,月,平日,,晴,25.0,15.0,計,,80000,0.0000,0.0000,26000,0.0000,,,,0,7,0.0000,2,0.0000,0,3435,,,0,15984,,,,,655,0,,,
0001,千房直営,000004,第4エリア,113   ,ぷれじでんとRetreat,2026/05/12,火,平日,,曇,26.0,18.0,計,54510,80000,0.6814,0.3407,130454,0.4178,5,2,10902.0,0.50,7,0.7143,11,0.4545,0,873,0.0160,0.0790,0,25815,0.4736,0.7668,0.4896,0.8458,1069,3059.5,,0.0000,
0001,千房直営,000004,第4エリア,113   ,ぷれじでんとRetreat,2026/05/13,水,平日,,雨,25.0,19.0,計,32210,80000,0.4026,0.3613,59473,0.5416,2,1,16105.0,0.20,7,0.2857,4,0.5000,0,952,0.0296,0.0607,0,17315,0.5376,0.6817,0.5671,0.7423,711,2718.1,,0.0000,
0001,千房直営,000004,第4エリア,113   ,ぷれじでんとRetreat,2026/05/14,木,平日,,晴,27.0,17.0,計,24930,90000,0.2770,0.3383,0,,2,1,12465.0,0.20,8,0.2500,0,,0,11204,0.4494,0.1475,0,14884,0.5970,0.6628,1.0465,0.8102,612,2444.1,,0.0000,
0001,千房直営,000004,第4エリア,113   ,ぷれじでんとRetreat,2026/05/15,金,平日,,晴,28.0,16.0,計,40568,100000,0.4057,0.3540,46410,0.8741,2,1,20284.0,0.20,9,0.2222,4,0.5000,0,-4400,-0.1085,0.0793,0,20771,0.5120,0.6226,0.4035,0.7018,856,2843.6,,0.0000,
0001,千房直営,000004,第4エリア,113   ,ぷれじでんとRetreat,2026/05/16,土,土曜,,晴,27.0,19.0,計,163363,90000,1.8151,0.6069,21424,7.6252,8,2,20420.4,0.80,8,1.0000,5,1.6000,0,,0.0000,0.0382,0,43548,0.2666,0.4383,0.2666,0.4765,1681,5830.9,,0.0000,
0001,千房直営,000004,第4エリア,113   ,ぷれじでんとRetreat,2026/05/17,日,日祝,,晴,29.0,17.0,計,,0,,0.6069,,,,,,0,0,,,,0,,,0.0382,0,16404,,0.4903,,0.5285,641,0,,,
0001,千房直営,000001,第1エリア,301   ,道頓堀ビル店,2026/05/11,月,平日,,晴,25.0,15.0,計,1057836,1800000,0.5877,0.5877,1711997,0.6179,511,185,2070.1,2.76,750,0.6813,817,0.6255,453600,276030,0.2609,0.2609,0,259619,0.2454,0.2454,0.5064,0.5064,11406,5564.6,,0.0000,
0001,千房直営,000001,第1エリア,301   ,道頓堀ビル店,2026/05/12,火,平日,,曇,26.0,18.0,計,1437825,1800000,0.7988,0.6932,1572070,0.9146,590,213,2437.0,3.19,750,0.7867,679,0.8689,453600,182601,0.1270,0.1838,0,292219,0.2032,0.2211,0.3302,0.4049,12597,6848.4,,0.0000,
0001,千房直営,000001,第1エリア,301   ,道頓堀ビル店,2026/05/13,水,平日,,雨,25.0,20.0,計,1322511,1800000,0.7347,0.7071,1864418,0.7093,550,223,2404.6,2.97,750,0.7333,846,0.6501,453600,130830,0.0989,0.1544,0,280124,0.2118,0.2179,0.3107,0.3723,12491,6352.6,,0.0000,
0001,千房直営,000001,第1エリア,301   ,道頓堀ビル店,2026/05/14,木,平日,,晴,28.0,18.0,計,1615110,1800000,0.8973,0.7546,1961050,0.8236,607,225,2660.8,3.28,750,0.8093,906,0.6700,453600,126822,0.0785,0.1318,0,316619,0.1960,0.2114,0.2746,0.3432,13287,7293.3,,0.0000,
0001,千房直営,000001,第1エリア,301   ,道頓堀ビル店,2026/05/15,金,平日,,晴,28.0,17.0,計,1381670,1800000,0.7676,0.7572,1806505,0.7648,612,223,2257.6,3.31,750,0.8160,809,0.7565,453600,288805,0.2090,0.1475,0,283174,0.2050,0.2101,0.4140,0.3576,12244,6770.7,,0.0000,
0001,千房直営,000001,第1エリア,301   ,道頓堀ビル店,2026/05/16,土,土曜,,晴,27.0,19.0,計,2018895,2100000,0.9614,0.7958,2250781,0.8970,819,316,2465.1,4.43,875,0.9360,961,0.8522,552200,196050,0.0971,0.1360,0,352559,0.1746,0.2020,0.2717,0.3380,14942,8106.9,,0.0000,
0001,千房直営,000001,第1エリア,301   ,道頓堀ビル店,2026/05/17,日,日祝,,晴,29.0,18.0,計,1906779,2100000,0.9080,0.8137,2293754,0.8313,767,287,2486.0,4.15,875,0.8766,936,0.8194,541800,,0.0000,0.1118,0,367707,0.1928,0.2004,0.1928,0.3122,15643,7313.6,,0.0000,
0001,千房直営,600000,本社,333   ,検証,2026/05/11,月,平日,,晴,25.0,15.0,計,,,,,,,,,,,,,,,,,,,,0,,,,,0,,,,
0001,千房直営,600000,本社,333   ,検証,2026/05/12,火,平日,,曇,26.0,18.0,計,,,,,,,,,,,,,,,,,,,,0,,,,,0,,,,
0001,千房直営,600000,本社,333   ,検証,2026/05/13,水,平日,,雨,25.0,20.0,計,,,,,,,,,,,,,,,,,,,,0,,,,,0,,,,
0001,千房直営,600000,本社,333   ,検証,2026/05/14,木,平日,,晴,28.0,18.0,計,,,,,,,,,,,,,,,,,,,,0,,,,,0,,,,
0001,千房直営,600000,本社,333   ,検証,2026/05/15,金,平日,,晴,28.0,17.0,計,,,,,,,,,,,,,,,,,,,,0,,,,,0,,,,
0001,千房直営,600000,本社,333   ,検証,2026/05/16,土,土曜,,晴,27.0,19.0,計,,,,,,,,,,,,,,,,,,,,0,,,,,0,,,,
0001,千房直営,600000,本社,333   ,検証,2026/05/17,日,日祝,,晴,29.0,18.0,計,,,,,,,,,,,,,,,,,,,,0,,,,,0,,,,
0001,千房直営,600000,本社,350   ,直営統括共通,2026/05/11,月,平日,,晴,25.0,15.0,計,,,,,,,,,,,,,,,,,,,,0,,,,,0,,,,
0001,千房直営,600000,本社,350   ,直営統括共通,2026/05/12,火,平日,,曇,26.0,18.0,計,,,,,,,,,,,,,,,,,,,,0,,,,,0,,,,
0001,千房直営,600000,本社,350   ,直営統括共通,2026/05/13,水,平日,,雨,25.0,20.0,計,,,,,,,,,,,,,,,,,,,,0,,,,,0,,,,
0001,千房直営,600000,本社,350   ,直営統括共通,2026/05/14,木,平日,,晴,28.0,17.0,計,,,,,,,,,,,,,,,,,,,,0,,,,,0,,,,
0001,千房直営,600000,本社,350   ,直営統括共通,2026/05/15,金,平日,,晴,28.0,17.0,計,,,,,,,,,,,,,,,,,,,,0,,,,,0,,,,
0001,千房直営,600000,本社,350   ,直営統括共通,2026/05/16,土,土曜,,晴,27.0,19.0,計,,,,,,,,,,,,,,,,,,,,0,,,,,0,,,,
0001,千房直営,600000,本社,350   ,直営統括共通,2026/05/17,日,日祝,,晴,29.0,18.0,計,,,,,,,,,,,,,,,,,,,,0,,,,,0,,,,
0001,千房直営,600000,本社,352   ,商品企画,2026/05/11,月,平日,,晴,25.0,15.0,計,,,,,,,,,,,,,,,,,,,,0,,,,,0,,,,
0001,千房直営,600000,本社,352   ,商品企画,2026/05/12,火,平日,,曇,26.0,18.0,計,,,,,,,,,,,,,,,,,,,,0,,,,,0,,,,
0001,千房直営,600000,本社,352   ,商品企画,2026/05/13,水,平日,,雨,25.0,20.0,計,,,,,,,,,,,,,,,,,,,,0,,,,,0,,,,
0001,千房直営,600000,本社,352   ,商品企画,2026/05/14,木,平日,,晴,28.0,17.0,計,,,,,,,,,,,,,,,,,,,,0,,,,,0,,,,
0001,千房直営,600000,本社,352   ,商品企画,2026/05/15,金,平日,,晴,28.0,17.0,計,,,,,,,,,,,,,,,,,,,,0,,,,,0,,,,
0001,千房直営,600000,本社,352   ,商品企画,2026/05/16,土,土曜,,晴,27.0,19.0,計,,,,,,,,,,,,,,,,,,,,0,,,,,0,,,,
0001,千房直営,600000,本社,352   ,商品企画,2026/05/17,日,日祝,,晴,29.0,18.0,計,,,,,,,,,,,,,,,,,,,,0,,,,,0,,,,
0001,千房直営,000001,第1エリア,702   ,Chibo`s Kitchen ららぽーと甲子園店,2026/05/11,月,平日,,晴,24.0,15.0,計,64667,100000,0.6467,0.6467,80580,0.8025,80,80,808.3,,0,,100,0.8000,0,80737,1.2485,1.2485,0,34953,0.5405,0.5405,1.7890,1.7890,1322,2935.0,,0.0000,
0001,千房直営,000001,第1エリア,702   ,Chibo`s Kitchen ららぽーと甲子園店,2026/05/12,火,平日,,曇,25.0,18.0,計,46298,100000,0.4630,0.5548,46951,0.9861,49,49,944.9,,0,,44,1.1136,0,57583,1.2437,1.2465,0,36007,0.7777,0.6395,2.0215,1.8860,1459,1904.0,,0.0000,
0001,千房直営,000001,第1エリア,702   ,Chibo`s Kitchen ららぽーと甲子園店,2026/05/13,水,平日,,雨,24.0,19.0,計,77260,100000,0.7726,0.6274,52043,1.4845,74,74,1044.1,,0,,53,1.3962,0,,0.0000,0.7349,0,33055,0.4278,0.5526,0.4278,1.2875,1307,3546.7,,0.0000,
0001,千房直営,000001,第1エリア,702   ,Chibo`s Kitchen ららぽーと甲子園店,2026/05/14,木,平日,,晴,27.0,17.0,計,68370,100000,0.6837,0.6415,66385,1.0299,67,67,1020.4,,0,,67,1.0000,0,,0.0000,0.5391,0,32889,0.4810,0.5335,0.4810,1.0726,1275,3217.4,,0.0000,
0001,千房直営,000001,第1エリア,702   ,Chibo`s Kitchen ららぽーと甲子園店,2026/05/15,金,平日,,晴,27.0,17.0,計,90859,100000,0.9086,0.6949,96560,0.9410,92,92,987.6,,0,,92,1.0000,0,,0.0000,0.3981,0,39791,0.4379,0.5085,0.4379,0.9066,1584,3441.6,,0.0000,
0001,千房直営,000001,第1エリア,702   ,Chibo`s Kitchen ららぽーと甲子園店,2026/05/16,土,土曜,,晴,26.0,19.0,計,246736,250000,0.9869,0.7923,244333,1.0098,237,237,1041.1,,0,,235,1.0085,0,,0.0000,0.2328,0,62577,0.2536,0.4027,0.2536,0.6355,2678,5528.1,,0.0000,
0001,千房直営,000001,第1エリア,702   ,Chibo`s Kitchen ららぽーと甲子園店,2026/05/17,日,日祝,,晴,27.0,17.0,計,279946,250000,1.1198,0.8741,271461,1.0313,259,259,1080.9,,0,,247,1.0486,0,,0.0000,0.1582,0,63704,0.2276,0.3466,0.2276,0.5048,2834,5926.9,,0.0000,
0001,千房直営,040000,ODEN事業部,704   ,すみ吉 心斎橋,2026/05/11,月,平日,,晴,25.0,15.0,計,57480,120000,0.4790,0.4790,160907,0.3572,4,1,14370.0,0.24,0,,22,0.1818,0,3900,0.0679,0.0679,0,51843,0.9019,0.9019,0.9698,0.9698,1851,1863.2,,0.0000,
0001,千房直営,040000,ODEN事業部,704   ,すみ吉 心斎橋,2026/05/12,火,平日,,曇,26.0,18.0,計,113788,140000,0.8128,0.6587,165759,0.6865,21,9,5418.5,1.24,0,,16,1.3125,0,48892,0.4297,0.3082,0,72033,0.6330,0.7233,1.0627,1.0315,2611,2614.8,,0.0000,
0001,千房直営,040000,ODEN事業部,704   ,すみ吉 心斎橋,2026/05/13,水,平日,,雨,25.0,20.0,計,,0,,0.6587,,,,,,0,0,,,,0,,,0.3082,0,0,,0.7233,,1.0315,0,,,,
0001,千房直営,040000,ODEN事業部,704   ,すみ吉 心斎橋,2026/05/14,木,平日,,晴,28.0,18.0,計,148752,130000,1.1442,0.8206,114123,1.3034,16,7,9297.0,0.94,0,,15,1.0667,0,210,0.0014,0.1656,0,51728,0.3477,0.5487,0.3492,0.7143,1980,4507.6,,0.0000,
0001,千房直営,040000,ODEN事業部,704   ,すみ吉 心斎橋,2026/05/15,金,平日,,晴,28.0,17.0,計,29793,150000,0.1986,0.6478,163064,0.1827,10,4,2979.3,0.59,0,,18,0.5556,0,17085,0.5735,0.2004,0,42322,1.4205,0.6230,1.9940,0.8233,1461,1223.5,,0.0000,
0001,千房直営,040000,ODEN事業部,704   ,すみ吉 心斎橋,2026/05/16,土,土曜,,晴,27.0,19.0,計,87589,150000,0.5839,0.6339,153304,0.5713,13,5,6737.6,0.76,0,,23,0.5652,0,3040,0.0347,0.1672,0,48210,0.5504,0.6084,0.5851,0.7756,1703,3085.9,,0.0000,
0001,千房直営,040000,ODEN事業部,704   ,すみ吉 心斎橋,2026/05/17,日,日祝,,晴,29.0,18.0,計,94498,120000,0.7875,0.6567,63430,1.4898,20,9,4724.9,1.18,0,,15,1.3333,0,,0.0000,0.1375,0,30510,0.3229,0.5577,0.3229,0.6952,983,5767.9,,0.0000,
0001,千房直営,030000,キッチンカー,800   ,キッチンカー,2026/05/11,月,平日,,晴,25.0,15.0,計,,,,,,,,,,,,,,,,,,,,0,,,,,0,,,,
0001,千房直営,030000,キッチンカー,800   ,キッチンカー,2026/05/12,火,平日,,曇,26.0,18.0,計,,,,,,,,,,,,,,,,,,,,0,,,,,0,,,,
0001,千房直営,030000,キッチンカー,800   ,キッチンカー,2026/05/13,水,平日,,雨,25.0,20.0,計,,,,,,,,,,,,,,,,,,,,0,,,,,0,,,,
0001,千房直営,030000,キッチンカー,800   ,キッチンカー,2026/05/14,木,平日,,晴,28.0,18.0,計,,,,,,,,,,,,,,,,,,,,0,,,,,0,,,,
0001,千房直営,030000,キッチンカー,800   ,キッチンカー,2026/05/15,金,平日,,晴,28.0,17.0,計,,,,,,,,,,,,,,,,,,,,0,,,,,0,,,,
0001,千房直営,030000,キッチンカー,800   ,キッチンカー,2026/05/16,土,土曜,,晴,27.0,19.0,計,,,,,,,,,,,,,,,,,,,,0,,,,,0,,,,
0001,千房直営,030000,キッチンカー,800   ,キッチンカー,2026/05/17,日,日祝,,晴,29.0,18.0,計,,,,,,,,,,,,,,,,,,,,0,,,,,0,,,,
0002,千房FC,500002,FC第2エリア,515   ,大和郡山店,2026/05/11,月,平日,休,晴,25.0,12.0,計,,0,,,,,,,,0,0,,,,0,,,,,0,,,,,0,,,,
0002,千房FC,500002,FC第2エリア,515   ,大和郡山店,2026/05/12,火,平日,,曇,25.0,16.0,計,,55000,0.0000,0.0000,,,,,,0,0,,,,0,23537,,,,0,,,,,0,,,,
0002,千房FC,500002,FC第2エリア,515   ,大和郡山店,2026/05/13,水,平日,,曇,25.0,17.0,計,,56000,0.0000,0.0000,,,,,,0,0,,,,0,,,,,0,,,,,0,,,,
0002,千房FC,500002,FC第2エリア,515   ,大和郡山店,2026/05/14,木,平日,,雨,27.0,15.0,計,,56000,0.0000,0.0000,,,,,,0,0,,,,0,,,,,0,,,,,0,,,,
0002,千房FC,500002,FC第2エリア,515   ,大和郡山店,2026/05/15,金,平日,,晴,28.0,15.0,計,,60000,0.0000,0.0000,,,,,,0,0,,,,0,,,,,0,,,,,0,,,,
0002,千房FC,500002,FC第2エリア,515   ,大和郡山店,2026/05/16,土,土曜,,晴,28.0,17.0,計,,65000,0.0000,0.0000,,,,,,0,0,,,,0,,,,,0,,,,,0,,,,
0002,千房FC,500002,FC第2エリア,515   ,大和郡山店,2026/05/17,日,日祝,,晴,30.0,15.0,計,,100000,0.0000,0.0000,,,,,,0,0,,,,0,,,,,0,,,,,0,,,,
0002,千房FC,500003,FC第3エリア,516   ,阪急服部店,2026/05/11,月,平日,,晴,25.0,13.0,計,51322,80000,0.6415,0.6415,29234,1.7556,29,12,1769.7,0.67,53,0.5472,15,1.9333,0,23236,0.4527,0.4527,,0,0.0000,0.0000,0.4527,0.4527,0,,,0.0000,
0002,千房FC,500003,FC第3エリア,516   ,阪急服部店,2026/05/12,火,平日,,曇,26.0,17.0,計,37661,80000,0.4708,0.5561,45936,0.8199,27,14,1394.9,0.63,53,0.5094,32,0.8438,0,2040,0.0542,0.2841,,0,0.0000,0.0000,0.0542,0.2841,0,,,0.0000,
0002,千房FC,500003,FC第3エリア,516   ,阪急服部店,2026/05/13,水,平日,,雨,25.0,18.0,計,56230,80000,0.7029,0.6051,83521,0.6732,31,17,1813.9,0.72,53,0.5849,42,0.7381,0,,0.0000,0.1741,,0,0.0000,0.0000,0.0000,0.1741,0,,,0.0000,
0002,千房FC,500003,FC第3エリア,516   ,阪急服部店,2026/05/14,木,平日,,晴,27.0,16.0,計,66398,80000,0.8300,0.6613,44053,1.5072,29,20,2289.6,0.67,53,0.5472,26,1.1154,0,33568,0.5056,0.2781,,0,0.0000,0.0000,0.5056,0.2781,0,,,0.0000,
0002,千房FC,500003,FC第3エリア,516   ,阪急服部店,2026/05/15,金,平日,,晴,29.0,16.0,計,74445,80000,0.9306,0.7151,41320,1.8017,34,15,2189.6,0.79,53,0.6415,25,1.3600,0,23195,0.3116,0.2868,,0,0.0000,0.0000,0.3116,0.2868,0,,,0.0000,
0002,千房FC,500003,FC第3エリア,516   ,阪急服部店,2026/05/16,土,土曜,,晴,28.0,18.0,計,107075,120000,0.8923,0.7560,113857,0.9404,43,20,2490.1,1.00,76,0.5658,64,0.6719,0,10538,0.0984,0.2355,,0,0.0000,0.0000,0.0984,0.2355,0,,,0.0000,
0002,千房FC,500003,FC第3エリア,516   ,阪急服部店,2026/05/17,日,日祝,,晴,29.0,15.0,計,135667,140000,0.9691,0.8012,136249,0.9957,67,29,2024.9,1.56,89,0.7528,67,1.0000,0,,0.0000,0.1751,,0,0.0000,0.0000,0.0000,0.1751,0,,,0.0000,
0002,千房FC,500003,FC第3エリア,522   ,金剛店,2026/05/11,月,平日,休,晴,24.0,13.0,計,,0,,,89862,0.0000,,,,0,0,,42,0.0000,2099,,,,,0,,,,,0,,,,
0002,千房FC,500003,FC第3エリア,522   ,金剛店,2026/05/12,火,平日,休,曇,25.0,16.0,計,,0,,,,,,,,0,0,,,,0,,,,,0,,,,,0,,,,
0002,千房FC,500003,FC第3エリア,522   ,金剛店,2026/05/13,水,平日,,晴,25.0,18.0,計,118193,90000,1.3133,1.3133,59019,2.0026,62,22,1906.3,1.41,47,1.3191,34,1.8235,2099,,0.0000,0.0000,,23395,0.1979,0.1979,0.1979,0.1979,1122,6320.5,,0.0000,
0002,千房FC,500003,FC第3エリア,522   ,金剛店,2026/05/14,木,平日,,晴,27.0,16.0,計,109717,90000,1.2191,1.2662,83307,1.3170,57,25,1924.9,1.30,47,1.2128,43,1.3256,2099,,0.0000,0.0000,,23585,0.2150,0.2061,0.2150,0.2061,1112,5920.0,,0.0000,
0002,千房FC,500003,FC第3エリア,522   ,金剛店,2026/05/15,金,平日,,晴,27.0,15.0,計,79543,100000,0.7954,1.0980,74248,1.0713,52,26,1529.7,1.18,52,1.0000,37,1.4054,2099,,0.0000,0.0000,,23128,0.2908,0.2280,0.2908,0.2280,1105,4319.1,,0.0000,
0002,千房FC,500003,FC第3エリア,522   ,金剛店,2026/05/16,土,土曜,,晴,27.0,17.0,計,179252,150000,1.1950,1.1319,186661,0.9603,93,44,1927.4,2.11,82,1.1341,100,0.9300,3499,,0.0000,0.0000,,42993,0.2398,0.2324,0.2398,0.2324,2036,5282.5,,0.0000,
0002,千房FC,500003,FC第3エリア,522   ,金剛店,2026/05/17,日,日祝,,晴,29.0,15.0,計,169715,160000,1.0607,1.1126,134700,1.2599,85,39,1996.6,1.93,90,0.9444,67,1.2687,3733,,0.0000,0.0000,,41279,0.2432,0.2352,0.2432,0.2352,1941,5246.2,,0.0000,
0002,千房FC,500004,FC第4エリア,526   ,高知野市店,2026/05/11,月,平日,,晴,23.0,14.0,計,18397,25000,0.7359,0.7359,14722,1.2496,9,7,2044.1,0.39,12,0.7500,12,0.7500,7767,7910,0.4300,0.4300,,0,0.0000,0.0000,0.4300,0.4300,0,,,0.0000,
0002,千房FC,500004,FC第4エリア,526   ,高知野市店,2026/05/12,火,平日,,曇,23.0,16.0,計,38462,25000,1.5385,1.1372,12612,3.0496,19,10,2024.3,0.83,12,1.5833,10,1.9000,7767,16643,0.4327,0.4318,,0,0.0000,0.0000,0.4327,0.4318,0,,,0.0000,
0002,千房FC,500004,FC第4エリア,526   ,高知野市店,2026/05/13,水,平日,休,晴,24.0,15.0,計,,0,,1.1372,,,,,,0,0,,,,0,,,0.4318,,0,,0.0000,,0.4318,0,,,,
0002,千房FC,500004,FC第4エリア,526   ,高知野市店,2026/05/14,木,平日,,晴,25.0,15.0,計,36661,25000,1.4664,1.2469,22133,1.6564,18,10,2036.7,0.78,12,1.5000,14,1.2857,7767,7458,0.2034,0.3423,,0,0.0000,0.0000,0.2034,0.3423,0,,,0.0000,
0002,千房FC,500004,FC第4エリア,526   ,高知野市店,2026/05/15,金,平日,,晴,25.0,15.0,計,13436,25000,0.5374,1.0696,5371,2.5016,9,5,1492.9,0.39,12,0.7500,5,1.8000,7767,7145,0.5318,0.3661,,0,0.0000,0.0000,0.5318,0.3661,0,,,0.0000,
0002,千房FC,500004,FC第4エリア,526   ,高知野市店,2026/05/16,土,土曜,,晴,25.0,17.0,計,43869,32500,1.3498,1.1383,16431,2.6699,22,10,1994.0,0.96,14,1.5714,10,2.2000,10097,5570,0.1270,0.2965,,0,0.0000,0.0000,0.1270,0.2965,0,,,0.0000,
0002,千房FC,500004,FC第4エリア,526   ,高知野市店,2026/05/17,日,日祝,,晴,26.0,17.0,計,36592,34000,1.0762,1.1256,34436,1.0626,18,8,2032.9,0.78,20,0.9000,24,0.7500,10563,2210,0.0604,0.2504,,0,0.0000,0.0000,0.0604,0.2504,0,,,0.0000,
0002,千房FC,500004,FC第4エリア,527   ,岡山大安寺店,2026/05/11,月,平日,,,,,計,61606,93000,0.6624,0.6624,122883,0.5013,53,30,1162.4,0.55,76,0.6974,74,0.7162,15035,,0.0000,0.0000,,0,0.0000,0.0000,0.0000,0.0000,0,,,0.0000,
0002,千房FC,500004,FC第4エリア,527   ,岡山大安寺店,2026/05/12,火,平日,,,,,計,149631,93000,1.6089,1.1357,106206,1.4089,66,35,2267.1,0.69,76,0.8684,92,0.7174,15035,,0.0000,0.0000,,0,0.0000,0.0000,0.0000,0.0000,0,,,0.0000,
0002,千房FC,500004,FC第4エリア,527   ,岡山大安寺店,2026/05/13,水,平日,,,,,計,109760,93000,1.1802,1.1505,107020,1.0256,79,38,1389.4,0.82,76,1.0395,86,0.9186,15035,,0.0000,0.0000,,0,0.0000,0.0000,0.0000,0.0000,0,,,0.0000,
0002,千房FC,500004,FC第4エリア,527   ,岡山大安寺店,2026/05/14,木,平日,,,,,計,93468,93000,1.0050,1.1142,74107,1.2613,82,42,1139.9,0.85,76,1.0789,66,1.2424,15035,,0.0000,0.0000,,0,0.0000,0.0000,0.0000,0.0000,0,,,0.0000,
0002,千房FC,500004,FC第4エリア,527   ,岡山大安寺店,2026/05/15,金,平日,,,,,計,66304,100000,0.6630,1.0186,85065,0.7795,63,32,1052.4,0.66,81,0.7778,88,0.7159,15035,,0.0000,0.0000,,0,0.0000,0.0000,0.0000,0.0000,0,,,0.0000,
0002,千房FC,500004,FC第4エリア,527   ,岡山大安寺店,2026/05/16,土,土曜,,,,,計,184357,180000,1.0242,1.0201,210177,0.8772,132,64,1396.6,1.38,144,0.9167,144,0.9167,32333,,0.0000,0.0000,,0,0.0000,0.0000,0.0000,0.0000,0,,,0.0000,
0002,千房FC,500004,FC第4エリア,527   ,岡山大安寺店,2026/05/17,日,日祝,,,,,計,166625,180000,0.9257,0.9997,214115,0.7782,127,56,1312.0,1.32,144,0.8819,178,0.7135,33950,,0.0000,0.0000,,0,0.0000,0.0000,0.0000,0.0000,0,,,0.0000,
0002,千房FC,500004,FC第4エリア,529   ,高知南国店,2026/05/11,月,平日,,晴,24.0,14.0,計,53744,60000,0.8957,0.8957,97015,0.5540,36,18,1492.9,0.82,48,0.7500,79,0.4557,15353,12900,0.2400,0.2400,,0,0.0000,0.0000,0.2400,0.2400,0,,,0.0000,
0002,千房FC,500004,FC第4エリア,529   ,高知南国店,2026/05/12,火,平日,,晴,24.0,16.0,計,67760,60000,1.1293,1.0125,63078,1.0742,45,22,1505.8,1.02,48,0.9375,55,0.8182,15353,32636,0.4816,0.3748,,0,0.0000,0.0000,0.4816,0.3748,0,,,0.0000,
0002,千房FC,500004,FC第4エリア,529   ,高知南国店,2026/05/13,水,平日,休,晴,25.0,16.0,計,,0,,1.0125,,,,,,0,0,,,,15353,,,0.3748,,0,,0.0000,,0.3748,0,,,,
0002,千房FC,500004,FC第4エリア,529   ,高知南国店,2026/05/14,木,平日,,雨,25.0,16.0,計,78207,60000,1.3035,1.1095,57442,1.3615,59,34,1325.5,1.34,48,1.2292,50,1.1800,15353,93115,1.1906,0.6943,,0,0.0000,0.0000,1.1906,0.6943,0,,,0.0000,
0002,千房FC,500004,FC第4エリア,529   ,高知南国店,2026/05/15,金,平日,,晴,25.0,15.0,計,85200,70000,1.2171,1.1396,51080,1.6680,53,29,1607.5,1.20,56,0.9464,49,1.0816,15353,2223,0.0261,0.4944,,0,0.0000,0.0000,0.0261,0.4944,0,,,0.0000,
0002,千房FC,500004,FC第4エリア,529   ,高知南国店,2026/05/16,土,土曜,,晴,26.0,17.0,計,109750,110000,0.9977,1.0963,102581,1.0699,75,36,1463.3,1.70,90,0.8333,87,0.8621,28513,3790,0.0345,0.3666,,0,0.0000,0.0000,0.0345,0.3666,0,,,0.0000,
0002,千房FC,500004,FC第4エリア,529   ,高知南国店,2026/05/17,日,日祝,,晴,26.0,17.0,計,100647,110000,0.9150,1.0538,138134,0.7286,68,35,1480.1,1.55,88,0.7727,105,0.6476,24126,,0.0000,0.2921,,0,0.0000,0.0000,0.0000,0.2921,0,,,0.0000,
0002,千房FC,500004,FC第4エリア,531   ,高松レインボー店,2026/05/11,月,平日,,晴,24.0,14.0,計,152192,100000,1.5219,1.5219,61550,2.4727,94,27,1619.1,1.47,52,1.8077,46,2.0435,0,20400,0.1340,0.1340,0,34899,0.2293,0.2293,0.3634,0.3634,1773,5150.3,,0.0000,
0002,千房FC,500004,FC第4エリア,531   ,高松レインボー店,2026/05/12,火,平日,,曇,24.0,15.0,計,141704,100000,1.4170,1.4695,92607,1.5302,72,35,1968.1,1.13,52,1.3846,59,1.2203,0,25090,0.1771,0.1548,0,33710,0.2379,0.2334,0.4149,0.3882,1512,5623.2,,0.0000,
0002,千房FC,500004,FC第4エリア,531   ,高松レインボー店,2026/05/13,水,平日,,晴,26.0,18.0,計,59099,100000,0.5910,1.1767,102157,0.5785,43,22,1374.4,0.67,52,0.8269,67,0.6418,0,934,0.0158,0.1315,0,43530,0.7366,0.3177,0.7524,0.4492,2208,1606.0,,0.0000,
0002,千房FC,500004,FC第4エリア,531   ,高松レインボー店,2026/05/14,木,平日,,晴,28.0,16.0,計,66195,100000,0.6620,1.0480,115514,0.5730,46,19,1439.0,0.72,52,0.8846,71,0.6479,0,,0.0000,0.1107,0,46324,0.6998,0.3780,0.6998,0.4888,2458,1615.8,,0.0000,
0002,千房FC,500004,FC第4エリア,531   ,高松レインボー店,2026/05/15,金,平日,,晴,26.0,16.0,計,160700,100000,1.6070,1.1598,119107,1.3492,89,36,1805.6,1.39,52,1.7115,81,1.0988,0,,0.0000,0.0801,0,45316,0.2820,0.3514,0.2820,0.4315,2497,3861.4,,0.0000,
0002,千房FC,500004,FC第4エリア,531   ,高松レインボー店,2026/05/16,土,土曜,,晴,28.0,16.0,計,183681,200000,0.9184,1.0908,162088,1.1332,126,53,1457.8,1.97,100,1.2600,104,1.2115,0,,0.0000,0.0608,0,94681,0.5155,0.3909,0.5155,0.4517,4695,2347.4,,0.0000,
0002,千房FC,500004,FC第4エリア,531   ,高松レインボー店,2026/05/17,日,日祝,,晴,31.0,17.0,計,159230,200000,0.7962,1.0253,163023,0.9767,96,40,1658.6,1.50,101,0.9505,97,0.9897,0,,0.0000,0.0503,0,53621,0.3368,0.3815,0.3368,0.4318,2868,3331.2,,0.0000,
0002,千房FC,500002,FC第2エリア,534   ,札幌アスティ４５店,2026/05/11,月,平日,,曇,20.0,14.0,計,109761,70000,1.5680,1.5680,91091,1.2050,71,44,1545.9,1.48,43,1.6512,81,0.8765,25800,3085,0.0281,0.0281,,0,0.0000,0.0000,0.0281,0.0281,0,,,0.0000,
0002,千房FC,500002,FC第2エリア,534   ,札幌アスティ４５店,2026/05/12,火,平日,,晴,22.0,12.0,計,132212,100000,1.3221,1.4234,120192,1.1000,80,58,1652.7,1.67,62,1.2903,83,0.9639,25800,45384,0.3433,0.2003,,0,0.0000,0.0000,0.3433,0.2003,0,,,0.0000,
0002,千房FC,500002,FC第2エリア,534   ,札幌アスティ４５店,2026/05/13,水,平日,,雨,19.0,11.0,計,87127,100000,0.8713,1.2189,126057,0.6912,55,38,1584.1,1.15,62,0.8871,70,0.7857,25800,,0.0000,0.1473,,0,0.0000,0.0000,0.0000,0.1473,0,,,0.0000,
0002,千房FC,500002,FC第2エリア,534   ,札幌アスティ４５店,2026/05/14,木,平日,,晴,17.0,9.0,計,95458,100000,0.9546,1.1475,114159,0.8362,67,39,1424.7,1.40,62,1.0806,64,1.0469,25800,,0.0000,0.1142,,0,0.0000,0.0000,0.0000,0.1142,0,,,0.0000,
0002,千房FC,500002,FC第2エリア,534   ,札幌アスティ４５店,2026/05/15,金,平日,,晴,20.0,8.0,計,182233,100000,1.8223,1.2910,129751,1.4045,108,61,1687.3,2.25,62,1.7419,82,1.3171,25800,50464,0.2769,0.1630,,0,0.0000,0.0000,0.2769,0.1630,0,,,0.0000,
0002,千房FC,500002,FC第2エリア,534   ,札幌アスティ４５店,2026/05/16,土,土曜,,晴,21.0,11.0,計,234133,200000,1.1707,1.2551,146391,1.5994,120,58,1951.1,2.50,120,1.0000,85,1.4118,46933,43400,0.1854,0.1693,,0,0.0000,0.0000,0.1854,0.1693,0,,,0.0000,
0002,千房FC,500002,FC第2エリア,534   ,札幌アスティ４５店,2026/05/17,日,日祝,,晴,15.0,10.0,計,127821,200000,0.6391,1.1135,110058,1.1614,73,36,1751.0,1.52,120,0.6083,61,1.1967,46933,,0.0000,0.1469,,0,0.0000,0.0000,0.0000,0.1469,0,,,0.0000,
0002,千房FC,500001,FC第1エリア,535   ,丸太町七本松店,2026/05/11,月,平日,,晴,26.0,14.0,計,22773,30000,0.7591,0.7591,29164,0.7809,19,16,1198.6,0.73,11,1.7273,17,1.1176,11930,26298,1.1548,1.1548,,0,0.0000,0.0000,1.1548,1.1548,0,,,0.0000,
0002,千房FC,500001,FC第1エリア,535   ,丸太町七本松店,2026/05/12,火,平日,,晴,27.0,18.0,計,20061,30000,0.6687,0.7139,9957,2.0148,12,8,1671.8,0.46,11,1.0909,8,1.5000,11930,,0.0000,0.6140,,0,0.0000,0.0000,0.0000,0.6140,0,,,0.0000,
0002,千房FC,500001,FC第1エリア,535   ,丸太町七本松店,2026/05/13,水,平日,休,雨,26.0,18.0,計,,0,,0.7139,,,,,,0,0,,,,0,,,0.6140,,0,,0.0000,,0.6140,0,,,,
0002,千房FC,500001,FC第1エリア,535   ,丸太町七本松店,2026/05/14,木,平日,,晴,26.0,15.0,計,32413,30000,1.0804,0.8361,42364,0.7651,17,12,1906.6,0.65,11,1.5455,18,0.9444,11930,1530,0.0472,0.3698,,0,0.0000,0.0000,0.0472,0.3698,0,,,0.0000,
0002,千房FC,500001,FC第1エリア,535   ,丸太町七本松店,2026/05/15,金,平日,,晴,28.0,15.0,計,26154,30000,0.8718,0.8450,33248,0.7866,15,9,1743.6,0.58,11,1.3636,19,0.7895,11930,,0.0000,0.2744,,0,0.0000,0.0000,0.0000,0.2744,0,,,0.0000,
0002,千房FC,500001,FC第1エリア,535   ,丸太町七本松店,2026/05/16,土,土曜,,晴,29.0,18.0,計,53667,47000,1.1419,0.9286,56048,0.9575,23,10,2333.3,0.88,28,0.8214,27,0.8519,18690,12940,0.2411,0.2629,,0,0.0000,0.0000,0.2411,0.2629,0,,,0.0000,
0002,千房FC,500001,FC第1エリア,535   ,丸太町七本松店,2026/05/17,日,日祝,,晴,31.0,15.0,計,40434,40000,1.0109,0.9445,8398,4.8147,31,14,1304.3,1.19,24,1.2917,5,6.2000,15906,,0.0000,0.2085,,0,0.0000,0.0000,0.0000,0.2085,0,,,0.0000,
0002,千房FC,500001,FC第1エリア,537   ,橋本高野口店,2026/05/11,月,平日,,曇,25.0,10.0,計,207049,100000,2.0705,2.0705,119432,1.7336,133,55,1556.8,1.45,65,2.0462,88,1.5114,20047,5126,0.0248,0.0248,,0,0.0000,0.0000,0.0248,0.0248,0,,,0.0000,
0002,千房FC,500001,FC第1エリア,537   ,橋本高野口店,2026/05/12,火,平日,,曇,25.0,14.0,計,261066,100000,2.6107,2.3406,150337,1.7365,152,70,1717.5,1.65,65,2.3385,109,1.3945,20047,,0.0000,0.0110,,0,0.0000,0.0000,0.0000,0.0110,0,,,0.0000,
0002,千房FC,500001,FC第1エリア,537   ,橋本高野口店,2026/05/13,水,平日,,曇,26.0,16.0,計,275830,100000,2.7583,2.4798,86674,3.1824,149,64,1851.2,1.62,65,2.2923,65,2.2923,20047,5126,0.0186,0.0138,,0,0.0000,0.0000,0.0186,0.0138,0,,,0.0000,
0002,千房FC,500001,FC第1エリア,537   ,橋本高野口店,2026/05/14,木,平日,,晴,27.0,14.0,計,,0,,2.4798,,,,,,0,0,,,,20047,,,0.0138,,0,,0.0000,,0.0138,0,,,,
0002,千房FC,500001,FC第1エリア,537   ,橋本高野口店,2026/05/15,金,平日,,曇,27.0,13.0,計,,0,,2.4798,116485,0.0000,,,,0,0,,72,0.0000,20047,,,0.0138,,0,,0.0000,,0.0138,0,,,,
0002,千房FC,500001,FC第1エリア,537   ,橋本高野口店,2026/05/16,土,土曜,,曇,27.0,15.0,計,,0,,2.4798,227399,0.0000,,,,0,0,,156,0.0000,40094,,,0.0138,,0,,0.0000,,0.0138,0,,,,
0002,千房FC,500001,FC第1エリア,537   ,橋本高野口店,2026/05/17,日,日祝,,晴,29.0,13.0,計,,0,,2.4798,235667,0.0000,,,,0,0,,131,0.0000,40094,,,0.0138,,0,,0.0000,,0.0138,0,,,,
0002,千房FC,500002,FC第2エリア,541   ,仙台一番町店,2026/05/11,月,平日,,晴,21.0,12.0,計,,80000,0.0000,0.0000,,,,,,0,32,0.0000,,,25813,,,,,0,,,,,0,,,,
0002,千房FC,500002,FC第2エリア,541   ,仙台一番町店,2026/05/12,火,平日,,晴,22.0,15.0,計,88536,80000,1.1067,0.5534,103663,0.8541,33,17,2682.9,0.61,32,1.0313,49,0.6735,25813,,0.0000,0.0000,,0,0.0000,0.0000,0.0000,0.0000,0,,,0.0000,
0002,千房FC,500002,FC第2エリア,541   ,仙台一番町店,2026/05/13,水,平日,,曇,23.0,13.0,計,45932,80000,0.5742,0.5603,55229,0.8317,22,11,2087.8,0.41,32,0.6875,20,1.1000,25813,,0.0000,0.0000,,0,0.0000,0.0000,0.0000,0.0000,0,,,0.0000,
0002,千房FC,500002,FC第2エリア,541   ,仙台一番町店,2026/05/14,木,平日,,曇,16.0,11.0,計,183229,80000,2.2904,0.9928,49894,3.6724,25,3,7329.2,0.46,32,0.7813,21,1.1905,25813,,0.0000,0.0000,,0,0.0000,0.0000,0.0000,0.0000,0,,,0.0000,
0002,千房FC,500002,FC第2エリア,541   ,仙台一番町店,2026/05/15,金,平日,,晴,21.0,12.0,計,63894,80000,0.7987,0.9540,88711,0.7202,25,14,2555.8,0.46,32,0.7813,35,0.7143,25813,,0.0000,0.0000,,0,0.0000,0.0000,0.0000,0.0000,0,,,0.0000,
0002,千房FC,500002,FC第2エリア,541   ,仙台一番町店,2026/05/16,土,土曜,,晴,20.0,12.0,計,195208,160000,1.2201,1.0300,179662,1.0865,84,32,2323.9,1.56,64,1.3125,80,1.0500,51626,,0.0000,0.0000,,0,0.0000,0.0000,0.0000,0.0000,0,,,0.0000,
0002,千房FC,500002,FC第2エリア,541   ,仙台一番町店,2026/05/17,日,日祝,,晴,27.0,13.0,計,224007,150000,1.4934,1.1279,236511,0.9471,117,49,1914.6,2.17,74,1.5811,143,0.8182,48400,,0.0000,0.0000,,0,0.0000,0.0000,0.0000,0.0000,0,,,0.0000,
0002,千房FC,500004,FC第4エリア,542   ,広島パセーラ店,2026/05/11,月,平日,,晴,25.0,13.0,計,94258,90000,1.0473,1.0473,69883,1.3488,63,33,1496.2,1.13,54,1.1667,51,1.2353,60270,,0.0000,0.0000,,0,0.0000,0.0000,0.0000,0.0000,0,,,0.0000,
0002,千房FC,500004,FC第4エリア,542   ,広島パセーラ店,2026/05/12,火,平日,,晴,24.0,15.0,計,92283,90000,1.0254,1.0363,54790,1.6843,69,39,1337.4,1.23,54,1.2778,31,2.2258,60270,,0.0000,0.0000,,0,0.0000,0.0000,0.0000,0.0000,0,,,0.0000,
0002,千房FC,500004,FC第4エリア,542   ,広島パセーラ店,2026/05/13,水,平日,休,晴,26.0,16.0,計,,0,,1.0363,33791,0.0000,,,,0,0,,22,0.0000,0,,,0.0000,,0,,0.0000,,0.0000,0,,,,
0002,千房FC,500004,FC第4エリア,542   ,広島パセーラ店,2026/05/14,木,平日,,雨,26.0,17.0,計,89197,90000,0.9911,1.0213,111367,0.8009,59,35,1511.8,1.05,54,1.0926,63,0.9365,60270,,0.0000,0.0000,,0,0.0000,0.0000,0.0000,0.0000,0,,,0.0000,
0002,千房FC,500004,FC第4エリア,542   ,広島パセーラ店,2026/05/15,金,平日,,晴,29.0,16.0,計,105164,95615,1.0999,1.0418,92767,1.1336,64,34,1643.2,1.14,57,1.1228,69,0.9275,60270,,0.0000,0.0000,,0,0.0000,0.0000,0.0000,0.0000,0,,,0.0000,
0002,千房FC,500004,FC第4エリア,542   ,広島パセーラ店,2026/05/16,土,土曜,,晴,27.0,16.0,計,114351,130000,0.8796,0.9993,230900,0.4952,66,29,1732.6,1.18,85,0.7765,139,0.4748,80340,,0.0000,0.0000,,0,0.0000,0.0000,0.0000,0.0000,0,,,0.0000,
0002,千房FC,500004,FC第4エリア,542   ,広島パセーラ店,2026/05/17,日,日祝,,晴,29.0,15.0,計,112950,130000,0.8688,0.9722,148552,0.7603,91,35,1241.2,1.63,86,1.0581,100,0.9100,80340,,0.0000,0.0000,,0,0.0000,0.0000,0.0000,0.0000,0,,,0.0000,
0002,千房FC,500002,FC第2エリア,544   ,静岡パルシェ店,2026/05/11,月,平日,,曇,22.0,15.0,計,139943,90000,1.5549,1.5549,81867,1.7094,62,35,2257.1,1.55,54,1.1481,38,1.6316,22616,7230,0.0517,0.0517,,0,0.0000,0.0000,0.0517,0.0517,0,,,0.0000,
0002,千房FC,500002,FC第2エリア,544   ,静岡パルシェ店,2026/05/12,火,平日,,曇,23.0,16.0,計,107157,90000,1.1906,1.3728,101696,1.0537,36,21,2976.6,0.90,54,0.6667,52,0.6923,22616,,0.0000,0.0293,,0,0.0000,0.0000,0.0000,0.0293,0,,,0.0000,
0002,千房FC,500002,FC第2エリア,544   ,静岡パルシェ店,2026/05/13,水,平日,,曇,23.0,15.0,計,104697,90000,1.1633,1.3030,85758,1.2208,44,24,2379.5,1.10,54,0.8148,49,0.8980,22616,,0.0000,0.0206,,0,0.0000,0.0000,0.0000,0.0206,0,,,0.0000,
0002,千房FC,500002,FC第2エリア,544   ,静岡パルシェ店,2026/05/14,木,平日,,曇,24.0,16.0,計,98440,90000,1.0938,1.2507,54995,1.7900,42,28,2343.8,1.05,54,0.7778,28,1.5000,22616,40492,0.4113,0.1060,,0,0.0000,0.0000,0.4113,0.1060,0,,,0.0000,
0002,千房FC,500002,FC第2エリア,544   ,静岡パルシェ店,2026/05/15,金,平日,,晴,24.0,16.0,計,107707,90000,1.1967,1.2399,80676,1.3351,57,33,1889.6,1.43,54,1.0556,44,1.2955,22616,28792,0.2673,0.1371,,0,0.0000,0.0000,0.2673,0.1371,0,,,0.0000,
0002,千房FC,500002,FC第2エリア,544   ,静岡パルシェ店,2026/05/16,土,土曜,,晴,23.0,15.0,計,318843,200000,1.5942,1.3489,292690,1.0894,142,75,2245.4,3.55,107,1.3271,145,0.9793,39333,7480,0.0235,0.0958,,0,0.0000,0.0000,0.0235,0.0958,0,,,0.0000,
0002,千房FC,500002,FC第2エリア,544   ,静岡パルシェ店,2026/05/17,日,日祝,,晴,26.0,16.0,計,280334,190000,1.4754,1.3775,226059,1.2401,138,64,2031.4,3.45,95,1.4526,120,1.1500,37366,,0.0000,0.0726,,0,0.0000,0.0000,0.0000,0.0726,0,,,0.0000,
0002,千房FC,500001,FC第1エリア,546   ,江坂店,2026/05/11,月,平日,,晴,26.0,14.0,計,77859,75000,1.0381,1.0381,47513,1.6387,47,31,1656.6,1.38,45,1.0444,31,1.5161,13500,,0.0000,0.0000,,0,0.0000,0.0000,0.0000,0.0000,0,,,0.0000,
0002,千房FC,500001,FC第1エリア,546   ,江坂店,2026/05/12,火,平日,,曇,26.0,17.0,計,66777,75000,0.8904,0.9642,,,41,23,1628.7,1.21,45,0.9111,,,13500,10660,0.1596,0.0737,,0,0.0000,0.0000,0.1596,0.0737,0,,,0.0000,
0002,千房FC,500001,FC第1エリア,546   ,江坂店,2026/05/13,水,平日,,雨,26.0,18.0,計,78524,75000,1.0470,0.9918,45934,1.7095,50,28,1570.5,1.47,45,1.1111,31,1.6129,13500,24122,0.3072,0.1559,,0,0.0000,0.0000,0.3072,0.1559,0,,,0.0000,
0002,千房FC,500001,FC第1エリア,546   ,江坂店,2026/05/14,木,平日,,晴,27.0,16.0,計,29880,75000,0.3984,0.8435,110263,0.2710,23,11,1299.1,0.68,45,0.5111,58,0.3966,13500,,0.0000,0.1375,,0,0.0000,0.0000,0.0000,0.1375,0,,,0.0000,
0002,千房FC,500001,FC第1エリア,546   ,江坂店,2026/05/15,金,平日,,晴,29.0,16.0,計,90327,75000,1.2044,0.9156,92775,0.9736,58,28,1557.4,1.71,45,1.2889,52,1.1154,13500,53870,0.5964,0.2582,,0,0.0000,0.0000,0.5964,0.2582,0,,,0.0000,
0002,千房FC,500001,FC第1エリア,546   ,江坂店,2026/05/16,土,土曜,,晴,28.0,18.0,計,150938,140000,1.0781,0.9598,117812,1.2812,62,23,2434.5,1.82,84,0.7381,48,1.2917,24119,,0.0000,0.1793,,0,0.0000,0.0000,0.0000,0.1793,0,,,0.0000,
0002,千房FC,500001,FC第1エリア,546   ,江坂店,2026/05/17,日,日祝,,晴,30.0,16.0,計,102268,140000,0.7305,0.9108,122630,0.8340,38,19,2691.3,1.12,70,0.5429,61,0.6230,24119,,0.0000,0.1486,,0,0.0000,0.0000,0.0000,0.1486,0,,,0.0000,
0002,千房FC,500002,FC第2エリア,554   ,ザ・モール仙台長町店,2026/05/11,月,平日,,晴,21.0,12.0,計,28976,66000,0.4390,0.4390,58898,0.4920,20,11,1448.8,0.40,37,0.5405,35,0.5714,0,42685,1.4731,1.4731,,0,0.0000,0.0000,1.4731,1.4731,0,,,0.0000,
0002,千房FC,500002,FC第2エリア,554   ,ザ・モール仙台長町店,2026/05/12,火,平日,,晴,21.0,15.0,計,65912,66000,0.9987,0.7188,55026,1.1978,38,23,1734.5,0.76,37,1.0270,37,1.0270,0,14755,0.2239,0.6053,,0,0.0000,0.0000,0.2239,0.6053,0,,,0.0000,
0002,千房FC,500002,FC第2エリア,554   ,ザ・モール仙台長町店,2026/05/13,水,平日,,曇,23.0,13.0,計,51160,66000,0.7752,0.7376,44978,1.1374,31,18,1650.3,0.62,37,0.8378,26,1.1923,0,5032,0.0984,0.4278,,0,0.0000,0.0000,0.0984,0.4278,0,,,0.0000,
0002,千房FC,500002,FC第2エリア,554   ,ザ・モール仙台長町店,2026/05/14,木,平日,,曇,15.0,11.0,計,70552,66000,1.0690,0.8205,79989,0.8820,36,18,1959.8,0.72,37,0.9730,47,0.7660,0,8390,0.1189,0.3272,,0,0.0000,0.0000,0.1189,0.3272,0,,,0.0000,
0002,千房FC,500002,FC第2エリア,554   ,ザ・モール仙台長町店,2026/05/15,金,平日,,晴,20.0,11.0,計,76763,66645,1.1518,0.8872,53662,1.4305,50,22,1535.3,1.00,37,1.3514,34,1.4706,0,,0.0000,0.2416,,0,0.0000,0.0000,0.0000,0.2416,0,,,0.0000,
0002,千房FC,500002,FC第2エリア,554   ,ザ・モール仙台長町店,2026/05/16,土,土曜,,晴,20.0,12.0,計,130337,188000,0.6933,0.8169,246146,0.5295,85,42,1533.4,1.70,119,0.7143,166,0.5120,0,,0.0000,0.1672,,0,0.0000,0.0000,0.0000,0.1672,0,,,0.0000,
0002,千房FC,500002,FC第2エリア,554   ,ザ・モール仙台長町店,2026/05/17,日,日祝,,晴,26.0,13.0,計,153774,185500,0.8290,0.8201,149386,1.0294,98,45,1569.1,1.96,115,0.8522,101,0.9703,0,,0.0000,0.1227,,0,0.0000,0.0000,0.0000,0.1227,0,,,0.0000,
0002,千房FC,500003,FC第3エリア,558   ,ADVANCE 広尾店,2026/05/11,月,平日,,晴,24.0,17.0,計,227610,195000,1.1672,1.1672,0,,15,4,15174.0,0.71,19,0.7895,0,,0,27925,0.1227,0.1227,,23918,0.1051,0.1051,0.2278,0.2278,925,14763.9,,0.0000,
0002,千房FC,500003,FC第3エリア,558   ,ADVANCE 広尾店,2026/05/12,火,平日,,晴,25.0,17.0,計,148200,195000,0.7600,0.9636,158154,0.9371,8,4,18525.0,0.38,19,0.4211,15,0.5333,0,37496,0.2530,0.1741,,34526,0.2330,0.1555,0.4860,0.3296,1321,6731.3,,0.0000,
0002,千房FC,500003,FC第3エリア,558   ,ADVANCE 広尾店,2026/05/13,水,平日,,曇,26.0,16.0,計,135625,205000,0.6616,0.8596,80800,1.6785,11,5,12329.5,0.52,19,0.5789,8,1.3750,0,2410,0.0178,0.1326,,42853,0.3160,0.1981,0.3337,0.3307,1647,4940.8,,0.0000,
0002,千房FC,500003,FC第3エリア,558   ,ADVANCE 広尾店,2026/05/14,木,平日,,晴,24.0,15.0,計,159615,195000,0.8185,0.8494,216130,0.7385,10,5,15961.5,0.48,19,0.5263,10,1.0000,0,2328,0.0146,0.1046,,27681,0.1734,0.1922,0.1880,0.2968,1120,8550.8,,0.0000,
0002,千房FC,500003,FC第3エリア,558   ,ADVANCE 広尾店,2026/05/15,金,平日,,晴,23.0,14.0,計,248915,220000,1.1314,0.9109,211227,1.1784,13,4,19147.3,0.62,21,0.6190,11,1.1818,0,,0.0000,0.0763,,34255,0.1376,0.1774,0.1376,0.2537,1291,11568.5,,0.0000,
0002,千房FC,500003,FC第3エリア,558   ,ADVANCE 広尾店,2026/05/16,土,土曜,,晴,26.0,16.0,計,357519,260000,1.3751,1.0059,260279,1.3736,19,10,18816.8,0.90,10,1.9000,23,0.8261,0,,0.0000,0.0549,,53548,0.1498,0.1697,0.1498,0.2246,2088,10273.5,,0.0000,
0002,千房FC,500003,FC第3エリア,558   ,ADVANCE 広尾店,2026/05/17,日,日祝,,晴,28.0,16.0,計,185120,260000,0.7120,0.9560,338307,0.5472,17,9,10889.4,0.81,9,1.8889,28,0.6071,0,,0.0000,0.0480,,45926,0.2481,0.1796,0.2481,0.2276,1786,6219.0,,0.0000,
0002,千房FC,500004,FC第4エリア,560   ,イオンモール白山店,2026/05/11,月,平日,,晴,23.0,11.0,計,56867,70000,0.8124,0.8124,61838,0.9196,42,24,1354.0,0.84,46,0.9130,44,0.9545,0,7011,0.1233,0.1233,,0,0.0000,0.0000,0.1233,0.1233,0,,,0.0000,
0002,千房FC,500004,FC第4エリア,560   ,イオンモール白山店,2026/05/12,火,平日,,曇,23.0,15.0,計,72371,70000,1.0339,0.9231,50411,1.4356,50,25,1447.4,1.00,46,1.0870,38,1.3158,0,25363,0.3505,0.2505,,0,0.0000,0.0000,0.3505,0.2505,0,,,0.0000,
0002,千房FC,500004,FC第4エリア,560   ,イオンモール白山店,2026/05/13,水,平日,,晴,24.0,16.0,計,56190,70000,0.8027,0.8830,67552,0.8318,34,17,1652.6,0.68,46,0.7391,47,0.7234,0,3780,0.0673,0.1950,,0,0.0000,0.0000,0.0673,0.1950,0,,,0.0000,
0002,千房FC,500004,FC第4エリア,560   ,イオンモール白山店,2026/05/14,木,平日,,晴,21.0,15.0,計,74808,70000,1.0687,0.9294,61094,1.2245,48,25,1558.5,0.96,46,1.0435,42,1.1429,0,3780,0.0505,0.1535,,0,0.0000,0.0000,0.0505,0.1535,0,,,0.0000,
0002,千房FC,500004,FC第4エリア,560   ,イオンモール白山店,2026/05/15,金,平日,,晴,20.0,16.0,計,73259,70000,1.0466,0.9528,72916,1.0047,50,22,1465.2,1.00,46,1.0870,49,1.0204,0,,0.0000,0.1197,,0,0.0000,0.0000,0.0000,0.1197,0,,,0.0000,
0002,千房FC,500004,FC第4エリア,560   ,イオンモール白山店,2026/05/16,土,土曜,,晴,24.0,14.0,計,166553,220000,0.7571,0.8773,213274,0.7809,119,48,1399.6,2.38,151,0.7881,171,0.6959,0,7400,0.0444,0.0947,,0,0.0000,0.0000,0.0444,0.0947,0,,,0.0000,
0002,千房FC,500004,FC第4エリア,560   ,イオンモール白山店,2026/05/17,日,日祝,,晴,21.0,15.0,計,204034,200000,1.0202,0.9144,213934,0.9537,134,49,1522.6,2.68,140,0.9571,154,0.8701,0,7400,0.0363,0.0777,,0,0.0000,0.0000,0.0363,0.0777,0,,,0.0000,
0002,千房FC,500001,FC第1エリア,561   ,京都祇園店,2026/05/11,月,平日,,曇,26.0,13.0,計,95464,100000,0.9546,0.9546,179076,0.5331,40,21,2386.6,0.98,34,1.1765,83,0.4819,0,2430,0.0255,0.0255,,0,0.0000,0.0000,0.0255,0.0255,0,,,0.0000,
0002,千房FC,500001,FC第1エリア,561   ,京都祇園店,2026/05/12,火,平日,,晴,26.0,17.0,計,131144,100000,1.3114,1.1330,195715,0.6701,54,20,2428.6,1.32,34,1.5882,81,0.6667,0,,0.0000,0.0107,,0,0.0000,0.0000,0.0000,0.0107,0,,,0.0000,
0002,千房FC,500001,FC第1エリア,561   ,京都祇園店,2026/05/13,水,平日,,雨,25.0,17.0,計,95392,100000,0.9539,1.0733,229448,0.4157,40,18,2384.8,0.98,34,1.1765,99,0.4040,0,17238,0.1807,0.0611,,0,0.0000,0.0000,0.1807,0.0611,0,,,0.0000,
0002,千房FC,500001,FC第1エリア,561   ,京都祇園店,2026/05/14,木,平日,,晴,26.0,15.0,計,139504,130000,1.0731,1.0733,128525,1.0854,68,27,2051.5,1.66,44,1.5455,57,1.1930,0,,0.0000,0.0426,,0,0.0000,0.0000,0.0000,0.0426,0,,,0.0000,
0002,千房FC,500001,FC第1エリア,561   ,京都祇園店,2026/05/15,金,平日,,晴,27.0,15.0,計,162349,140000,1.1596,1.0945,183730,0.8836,73,29,2224.0,1.78,47,1.5532,83,0.8795,0,13028,0.0802,0.0524,,0,0.0000,0.0000,0.0802,0.0524,0,,,0.0000,
0002,千房FC,500001,FC第1エリア,561   ,京都祇園店,2026/05/16,土,土曜,,晴,28.0,17.0,計,173932,180000,0.9663,1.0637,162371,1.0712,78,31,2229.9,1.90,72,1.0833,86,0.9070,0,,0.0000,0.0410,,0,0.0000,0.0000,0.0000,0.0410,0,,,0.0000,
0002,千房FC,500001,FC第1エリア,561   ,京都祇園店,2026/05/17,日,日祝,,晴,30.0,15.0,計,94209,180000,0.5234,0.9591,170140,0.5537,45,18,2093.5,1.10,72,0.6250,64,0.7031,0,3060,0.0325,0.0401,,0,0.0000,0.0000,0.0325,0.0401,0,,,0.0000,
0002,千房FC,500002,FC第2エリア,562   ,せんちゅうパル店,2026/05/11,月,平日,,晴,25.0,13.0,計,92732,180000,0.5152,0.5152,212275,0.4368,57,38,1626.9,2.11,126,0.4524,128,0.4453,0,,0.0000,0.0000,0,84375,0.9099,0.9099,0.9099,0.9099,3507,1586.5,,0.0000,
0002,千房FC,500002,FC第2エリア,562   ,せんちゅうパル店,2026/05/12,火,平日,,曇,26.0,17.0,計,156692,180000,0.8705,0.6928,146943,1.0663,89,50,1760.6,3.30,126,0.7063,92,0.9674,0,,0.0000,0.0000,0,88348,0.5638,0.6925,0.5638,0.6925,3962,2372.9,,0.0000,
0002,千房FC,500002,FC第2エリア,562   ,せんちゅうパル店,2026/05/13,水,平日,休,雨,25.0,18.0,計,,0,,0.6928,,,,,,0,0,,,,0,,,0.0000,0,0,,0.6925,,0.6925,0,,,,
0002,千房FC,500002,FC第2エリア,562   ,せんちゅうパル店,2026/05/14,木,平日,,晴,27.0,16.0,計,143217,190000,0.7538,0.7139,182164,0.7862,92,50,1556.7,3.41,133,0.6917,120,0.7667,0,,0.0000,0.0000,0,66995,0.4678,0.6105,0.4678,0.6105,3140,2736.6,,0.0000,
0002,千房FC,500002,FC第2エリア,562   ,せんちゅうパル店,2026/05/15,金,平日,,晴,29.0,16.0,計,176369,190000,0.9283,0.7689,236100,0.7470,128,55,1377.9,4.74,133,0.9624,146,0.8767,0,,0.0000,0.0000,0,91019,0.5161,0.5813,0.5161,0.5813,4028,2627.1,,0.0000,
0002,千房FC,500002,FC第2エリア,562   ,せんちゅうパル店,2026/05/16,土,土曜,,晴,28.0,18.0,計,200956,200000,1.0048,0.8191,213248,0.9424,113,55,1778.4,4.19,129,0.8760,135,0.8370,0,,0.0000,0.0000,0,94382,0.4697,0.5521,0.4697,0.5521,3923,3073.5,,0.0000,
0002,千房FC,500002,FC第2エリア,562   ,せんちゅうパル店,2026/05/17,日,日祝,,晴,29.0,15.0,計,294623,250000,1.1785,0.8946,257530,1.1440,149,74,1977.3,5.52,163,0.9141,160,0.9313,0,,0.0000,0.0000,0,87708,0.2977,0.4817,0.2977,0.4817,3728,4741.8,,0.0000,
0002,千房FC,500003,FC第3エリア,563   ,北新地,2026/05/11,月,平日,,晴,25.0,15.0,計,244534,109448,2.2342,2.2342,74770,3.2705,41,15,5964.2,,9,4.5556,12,3.4167,6300,5966,0.0244,0.0244,,0,0.0000,0.0000,0.0244,0.0244,0,,,0.0000,
0002,千房FC,500003,FC第3エリア,563   ,北新地,2026/05/12,火,平日,,曇,26.0,18.0,計,44040,189448,0.2325,0.9655,91400,0.4818,14,8,3145.7,,17,0.8235,8,1.7500,6300,13135,0.2983,0.0662,,0,0.0000,0.0000,0.2983,0.0662,0,,,0.0000,
0002,千房FC,500003,FC第3エリア,563   ,北新地,2026/05/13,水,平日,,雨,25.0,19.0,計,272070,189448,1.4361,1.1481,271970,1.0004,18,8,15115.0,,17,1.0588,31,0.5806,6300,14800,0.0544,0.0605,,0,0.0000,0.0000,0.0544,0.0605,0,,,0.0000,
0002,千房FC,500003,FC第3エリア,563   ,北新地,2026/05/14,木,平日,,晴,27.0,17.0,計,312666,189448,1.6504,1.2885,194666,1.6062,35,12,8933.3,,17,2.0588,10,3.5000,6300,16503,0.0528,0.0577,,0,0.0000,0.0000,0.0528,0.0577,0,,,0.0000,
0002,千房FC,500003,FC第3エリア,563   ,北新地,2026/05/15,金,平日,,晴,28.0,16.0,計,261560,199448,1.3114,1.2937,237200,1.1027,44,15,5944.5,,17,2.5882,17,2.5882,6300,22231,0.0850,0.0640,,0,0.0000,0.0000,0.0850,0.0640,0,,,0.0000,
0002,千房FC,500003,FC第3エリア,563   ,北新地,2026/05/16,土,土曜,,晴,27.0,19.0,計,11560,189448,0.0610,1.0748,,,2,1,5780.0,,17,0.1176,,,10800,,0.0000,0.0634,,0,0.0000,0.0000,0.0000,0.0634,0,,,0.0000,
0002,千房FC,500003,FC第3エリア,563   ,北新地,2026/05/17,日,日祝,休,晴,29.0,17.0,計,,0,,1.0748,,,,,,,0,,,,0,,,0.0634,,0,,0.0000,,0.0634,0,,,,
1004,千房フロンティア,300000,IZAKAYA事業部,703   ,いやさか 福島本店,2026/05/11,月,平日,,晴,25.0,15.0,計,260566,350000,0.7445,0.7445,251704,1.0352,75,15,3474.2,1.04,92,0.8152,67,1.1194,0,66753,0.2562,0.2562,0,74304,0.2852,0.2852,0.5413,0.5413,3246,4816.4,,0.0000,
1004,千房フロンティア,300000,IZAKAYA事業部,703   ,いやさか 福島本店,2026/05/12,火,平日,,曇,26.0,18.0,計,112897,350000,0.3226,0.5335,398672,0.2832,34,11,3320.5,0.47,92,0.3696,97,0.3505,0,112550,0.9969,0.4801,0,50307,0.4456,0.3337,1.4425,0.8138,2213,3060.9,,0.0000,
1004,千房フロンティア,300000,IZAKAYA事業部,703   ,いやさか 福島本店,2026/05/13,水,平日,,雨,25.0,19.0,計,374244,350000,1.0693,0.7121,361342,1.0357,92,16,4067.9,1.28,92,1.0000,90,1.0222,0,19661,0.0525,0.2661,0,89488,0.2391,0.2863,0.2917,0.5524,3977,5646.1,,0.0000,
1004,千房フロンティア,300000,IZAKAYA事業部,703   ,いやさか 福島本店,2026/05/14,木,平日,,晴,27.0,17.0,計,417366,350000,1.1925,0.8322,348323,1.1982,92,21,4536.6,1.28,92,1.0000,93,0.9892,0,80917,0.1939,0.2402,0,95660,0.2292,0.2659,0.4231,0.5061,4136,6054.6,,0.0000,
1004,千房フロンティア,300000,IZAKAYA事業部,703   ,いやさか 福島本店,2026/05/15,金,平日,,晴,28.0,17.0,計,418835,400000,1.0471,0.8799,438488,0.9552,109,17,3842.5,1.51,105,1.0381,132,0.8258,0,52775,0.1260,0.2100,0,91528,0.2185,0.2534,0.3445,0.4634,3934,6387.9,,0.0000,
1004,千房フロンティア,300000,IZAKAYA事業部,703   ,いやさか 福島本店,2026/05/16,土,土曜,,晴,27.0,19.0,計,348077,350000,0.9945,0.8986,423272,0.8223,104,26,3346.9,1.44,92,1.1304,108,0.9630,0,73473,0.2111,0.2102,0,89533,0.2572,0.2541,0.4683,0.4643,3864,5404.9,,0.0000,
1004,千房フロンティア,300000,IZAKAYA事業部,703   ,いやさか 福島本店,2026/05/17,日,日祝,,晴,29.0,17.0,計,,0,,0.8986,,,,,,0,0,,,,0,,,0.2102,0,0,,0.2541,,0.4643,0,,,,
1004,千房フロンティア,300000,IZAKAYA事業部,705   ,ときわ福島,2026/05/11,月,平日,,晴,25.0,15.0,計,120002,110000,1.0909,1.0909,68750,1.7455,29,3,4138.0,0.73,28,1.0357,25,1.1600,0,27391,0.2283,0.2283,0,16987,0.1416,0.1416,0.3698,0.3698,812,8867.1,,0.0000,
1004,千房フロンティア,300000,IZAKAYA事業部,705   ,ときわ福島,2026/05/12,火,平日,,曇,26.0,18.0,計,61414,110000,0.5583,0.8246,133804,0.4590,16,5,3838.4,0.40,28,0.5714,35,0.4571,0,10230,0.1666,0.2074,0,10378,0.1690,0.1508,0.3356,0.3582,406,9076.0,,0.0000,
1004,千房フロンティア,300000,IZAKAYA事業部,705   ,ときわ福島,2026/05/13,水,平日,,雨,25.0,19.0,計,99429,110000,0.9039,0.8510,111775,0.8895,27,4,3682.6,0.68,28,0.9643,31,0.8710,0,10121,0.1018,0.1700,0,18169,0.1827,0.1621,0.2845,0.3321,774,7707.7,,0.0000,
1004,千房フロンティア,300000,IZAKAYA事業部,705   ,ときわ福島,2026/05/14,木,平日,,晴,27.0,17.0,計,113358,110000,1.0305,0.8959,127948,0.8860,30,7,3778.6,0.75,28,1.0714,27,1.1111,0,5443,0.0480,0.1349,0,11252,0.0993,0.1441,0.1473,0.2790,434,15671.6,,0.0000,
1004,千房フロンティア,300000,IZAKAYA事業部,705   ,ときわ福島,2026/05/15,金,平日,,晴,28.0,17.0,計,181767,130000,1.3982,1.0105,135387,1.3426,43,8,4227.1,1.08,34,1.2647,38,1.1316,0,,0.0000,0.0923,0,31584,0.1738,0.1534,0.1738,0.2458,1371,7954.8,,0.0000,
1004,千房フロンティア,300000,IZAKAYA事業部,705   ,ときわ福島,2026/05/16,土,土曜,,晴,27.0,19.0,計,132222,110000,1.2020,1.0415,155450,0.8506,35,8,3777.8,0.88,28,1.2500,43,0.8140,0,,0.0000,0.0751,0,21135,0.1598,0.1546,0.1598,0.2297,856,9267.9,,0.0000,
1004,千房フロンティア,300000,IZAKAYA事業部,705   ,ときわ福島,2026/05/17,日,日祝,,晴,29.0,17.0,計,,0,,1.0415,,,,,,0,0,,,,0,,,0.0751,0,0,,0.1546,,0.2297,0,,,,
1004,千房フロンティア,300000,IZAKAYA事業部,706   ,いやさか別邸(旧 大阪吉野工房),2026/05/11,月,平日,,晴,25.0,15.0,計,1139,1000,1.1390,1.1390,0,,1,1,1139.0,,1,1.0000,0,,0,10424,9.1519,9.1519,0,0,0.0000,0.0000,9.1519,9.1519,0,,,0.0000,
1004,千房フロンティア,300000,IZAKAYA事業部,706   ,いやさか別邸(旧 大阪吉野工房),2026/05/12,火,平日,,曇,26.0,18.0,計,2278,1000,2.2780,1.7085,1047,2.1757,1,1,2278.0,,1,1.0000,1,1.0000,0,,0.0000,3.0506,0,0,0.0000,0.0000,0.0000,3.0506,0,,,0.0000,
1004,千房フロンティア,300000,IZAKAYA事業部,706   ,いやさか別邸(旧 大阪吉野工房),2026/05/13,水,平日,,雨,25.0,19.0,計,0,2000,0.0000,0.8543,3232,0.0000,0,0,,,1,0.0000,2,0.0000,0,,,3.0506,0,0,,0.0000,,3.0506,0,,,,
1004,千房フロンティア,300000,IZAKAYA事業部,706   ,いやさか別邸(旧 大阪吉野工房),2026/05/14,木,平日,,晴,27.0,17.0,計,0,2000,0.0000,0.5695,2408,0.0000,0,0,,,1,0.0000,1,0.0000,0,,,3.0506,0,0,,0.0000,,3.0506,0,,,,
1004,千房フロンティア,300000,IZAKAYA事業部,706   ,いやさか別邸(旧 大阪吉野工房),2026/05/15,金,平日,,晴,28.0,17.0,計,1139,2000,0.5695,0.5695,0,,1,1,1139.0,,1,1.0000,0,,0,,0.0000,2.2880,0,0,0.0000,0.0000,0.0000,2.2880,0,,,0.0000,
1004,千房フロンティア,300000,IZAKAYA事業部,706   ,いやさか別邸(旧 大阪吉野工房),2026/05/16,土,土曜,,晴,27.0,19.0,計,1139,2000,0.5695,0.5695,2158,0.5278,1,1,1139.0,,1,1.0000,2,0.5000,0,,0.0000,1.8304,0,0,0.0000,0.0000,0.0000,1.8304,0,,,0.0000,
1004,千房フロンティア,300000,IZAKAYA事業部,706   ,いやさか別邸(旧 大阪吉野工房),2026/05/17,日,日祝,,晴,29.0,17.0,計,,0,,0.5695,,,,,,,0,,,,0,,,1.8304,0,0,,0.0000,,1.8304,0,,,,
